meeting,year,date,city,venue,name,setting,circuit,wa_competition,source
Adidas Boost Boston Games,2016,,Boston,,adidas Boost Boston Games,outdoor,,,
Adidas Boost Boston Games,2017,,Boston,,adidas Boost Boston Games,outdoor,,,
Adidas Grand Prix,2005,,New York,Icahn Stadium,Reebok Grand Prix,outdoor,,,
Adidas Grand Prix,2006,,New York,Icahn Stadium,Reebok Grand Prix,outdoor,,,
Adidas Grand Prix,2007,,New York,Icahn Stadium,Reebok Grand Prix,outdoor,IAAF Grand Prix,,
Adidas Grand Prix,2008,2008-05-31,New York,Icahn Stadium,Reebok Grand Prix,outdoor,IAAF Grand Prix,,
Adidas Grand Prix,2009,,New York,Icahn Stadium,Reebok Grand Prix,outdoor,IAAF Grand Prix,,
Adidas Grand Prix,2010,2010-06-12,New York,Icahn Stadium,New York adidas Grand Prix,outdoor,Diamond League,7004360,
Adidas Grand Prix,2011,2011-06-11,New York,Icahn Stadium,,outdoor,Diamond League,7021601,
Adidas Grand Prix,2012,2012-06-09,New York,Icahn Stadium,,outdoor,Diamond League,7033727,
Adidas Grand Prix,2013,2013-05-25,New York,Icahn Stadium,,outdoor,Diamond League,7049152,
Adidas Grand Prix,2014,2014-06-14,New York,Icahn Stadium,,outdoor,Diamond League,7065894,
Adidas Grand Prix,2015,2015-06-13,New York,Icahn Stadium,,outdoor,Diamond League,7078657,
Adidas Track Classic,2003,,Carson,Home Depot Center,Home Depot Invitational,outdoor,golden-spike-tour,,
Adidas Track Classic,2004,,Carson,Home Depot Center,,outdoor,golden-spike-tour,,
Adidas Track Classic,2005,,Carson,Home Depot Center,,outdoor,golden-spike-tour,,
Adidas Track Classic,2006,,Carson,Home Depot Center,,outdoor,golden-spike-tour,,
Adidas Track Classic,2007,,Carson,Home Depot Center,,outdoor,area-permit-meetings,,
Adidas Track Classic,2008,,Carson,Home Depot Center,,outdoor,area-permit-meetings,,
Adidas Track Classic,2009,,Carson,Home Depot Center,,outdoor,area-permit-meetings,,
Adidas Track Classic,2010,,Carson,Home Depot Center,,outdoor,golden-spike-tour,,
Apeldoorn indoor meetings,2015,2015-01-25,Apeldoorn,,,indoor,,7210609,
Athens outdoor meetings (unidentified),2003,2003-04-12,Athina,,"European 10,000m Challenge",outdoor,,6913187,WA calendar
Athletissima,2010,2010-07-08,Lausanne,Stade Olympique de la Pontaise,,outdoor,Diamond League,7004362,
Athletissima,2011,2011-06-30,Lausanne,Stade Olympique de la Pontaise,,outdoor,Diamond League,7021602,
Athletissima,2012,2012-08-23,Lausanne,Stade Olympique de la Pontaise,,outdoor,Diamond League,7033732,
Athletissima,2013,2013-07-04,Lausanne,Stade Olympique de la Pontaise,,outdoor,Diamond League,7049139,
Athletissima,2014,2014-07-03,Lausanne,Stade Olympique de la Pontaise,,outdoor,Diamond League,7065895,
Athletissima,2015,2015-07-09,Lausanne,Stade Olympique de la Pontaise,,outdoor,Diamond League,7078656,
Athletissima,2016,2016-08-25,Lausanne,Stade Olympique de la Pontaise,,outdoor,Diamond League,7093436,
Athletissima,2017,2017-07-06,Lausanne,Stade Olympique de la Pontaise,,outdoor,Diamond League,7104895,
Atlanta Grand Prix,1996,,Atlanta,,Atlanta Grand Prix,outdoor,IAAF Grand Prix,,
Auckland International,1994,1994-02-09,Auckland,,,outdoor,,7212067,WA calendar
Barakaldo meeting,1997,1997-04-05,Barakaldo,,"European 10,000m Challenge",outdoor,"European 10,000m Challenge",6895403,WA calendar
Barakaldo meeting,1999,1999-04-10,Barakaldo,,"European 10,000m Challenge",outdoor,"European 10,000m Challenge",6942024,WA calendar
Barakaldo meeting,2001,2001-04-07,Barakaldo,,"European 10,000m Challenge",outdoor,"European 10,000m Challenge",6942023,WA calendar
Barakaldo meeting,2005,2005-04-02,Barakaldo,,"European 10,000m Cup",outdoor,"European 10,000m Cup",6942016,WA calendar
Bislett Games,2010,2010-06-04,Oslo,Bislett Stadion,ExxonMobil Bislett Games,outdoor,Diamond League,7004358,
Bislett Games,2011,2011-06-09,Oslo,Bislett Stadion,ExxonMobil Bislett Games,outdoor,Diamond League,7021600,
Bislett Games,2012,2012-06-07,Oslo,Bislett Stadion,ExxonMobil Bislett Games,outdoor,Diamond League,7033726,
Bislett Games,2013,2013-06-13,Oslo,Bislett Stadion,ExxonMobil Bislett Games,outdoor,Diamond League,7049154,
Bislett Games,2014,2014-06-11,Oslo,Bislett Stadion,ExxonMobil Bislett Games,outdoor,Diamond League,7065893,
Bislett Games,2015,2015-06-11,Oslo,Bislett Stadion,ExxonMobil Bislett Games,outdoor,Diamond League,7078658,
Bislett Games,2016,2016-06-09,Oslo,Bislett Stadion,ExxonMobil Bislett Games,outdoor,Diamond League,7093447,
Bislett Games,2017,2017-06-15,Oslo,Bislett Stadion,,outdoor,Diamond League,7104854,
Bordeaux indoor meeting,1993,1993-01-31,Bordeaux,,,indoor,,7237585,
Bordeaux indoor meeting,1993,1993-02-20,Bordeaux,,,indoor,,7223257,
Bordeaux indoor meeting,1999,1999-02-13,Bordeaux,,,indoor,,7204539,
British Grand Prix (Gateshead/Birmingham),2010,2010-07-10,Gateshead,International Stadium,Aviva British Grand Prix,outdoor,Diamond League,7004363,
British Grand Prix (Gateshead/Birmingham),2011,2011-07-10,Birmingham,Alexander Stadium,,outdoor,Diamond League,7021604,
British Grand Prix (Gateshead/Birmingham),2012,2012-08-26,Birmingham,Alexander Stadium,,outdoor,Diamond League,7033733,
British Grand Prix (Gateshead/Birmingham),2013,2013-06-30,Birmingham,Alexander Stadium,,outdoor,Diamond League,7049140,
British Grand Prix (Gateshead/Birmingham),2014,2014-07-11,Glasgow,Hampden Park,Glasgow British Athletics Grand Prix,outdoor,Diamond League,7065897,
British Grand Prix (Gateshead/Birmingham),2014,2014-08-24,Birmingham,Alexander Stadium,,outdoor,Diamond League,7065900,
British Grand Prix (Gateshead/Birmingham),2015,2015-06-07,Birmingham,Alexander Stadium,,outdoor,Diamond League,7078666,
British Grand Prix (Gateshead/Birmingham),2016,2016-06-05,Birmingham,Alexander Stadium,,outdoor,Diamond League,7093397,
British Grand Prix (Gateshead/Birmingham),2017,2017-08-20,Birmingham,Alexander Stadium,Müller Grand Prix,outdoor,Diamond League,7104850,
Christchurch International,1986,1986-03-09,Christchurch,,,outdoor,,7203329,WA calendar
Copernicus Cup,2015,2015-02-03,Toruń,Arena Toruń,,indoor,,,pl.wikipedia
Copernicus Cup,2016,2016-02-12,Toruń,Arena Toruń,,indoor,,,pl.wikipedia
Copernicus Cup,2017,2017-02-10,Toruń,Arena Toruń,,indoor,IAAF World Indoor Tour,,pl.wikipedia
Czech Indoor Gala,2009,2009-02-25,Praha,,Prague Indoor,indoor,,,
Czech Indoor Gala,2014,2014-02-24,Praha,,Praha Indoor,indoor,,,
Czech Indoor Gala,2016,2016-03-04,Jablonec nad Nisou,,Jablonec Indoor Gala,indoor,,,
Czech Indoor Gala,2017,2017-02-13,Ostrava,,Mítink EA-Czech Indoor Gala,indoor,,,
DN Galan,1967,1967-07-04,Stockholm,Stockholms Stadion,,outdoor,pre-grand-prix-invitationals,,
DN Galan,1968,,Stockholm,Stockholms Stadion,,outdoor,pre-grand-prix-invitationals,,
DN Galan,1969,,Stockholm,Stockholms Stadion,,outdoor,pre-grand-prix-invitationals,,
DN Galan,1970,,Stockholm,Stockholms Stadion,,outdoor,pre-grand-prix-invitationals,,
DN Galan,1971,,Stockholm,Stockholms Stadion,,outdoor,pre-grand-prix-invitationals,,
DN Galan,1972,,Stockholm,Stockholms Stadion,,outdoor,pre-grand-prix-invitationals,,
DN Galan,1973,,Stockholm,Stockholms Stadion,,outdoor,pre-grand-prix-invitationals,,
DN Galan,1974,,Stockholm,Stockholms Stadion,,outdoor,pre-grand-prix-invitationals,,
DN Galan,1975,,Stockholm,Stockholms Stadion,,outdoor,pre-grand-prix-invitationals,,
DN Galan,1976,,Stockholm,Stockholms Stadion,,outdoor,pre-grand-prix-invitationals,,
DN Galan,1977,,Stockholm,Stockholms Stadion,,outdoor,pre-grand-prix-invitationals,,
DN Galan,1978,,Stockholm,Stockholms Stadion,,outdoor,pre-grand-prix-invitationals,,
DN Galan,1979,,Stockholm,Stockholms Stadion,,outdoor,pre-grand-prix-invitationals,,
DN Galan,1980,,Stockholm,Stockholms Stadion,,outdoor,pre-grand-prix-invitationals,,
DN Galan,1981,,Stockholm,Stockholms Stadion,,outdoor,pre-grand-prix-invitationals,,
DN Galan,1982,,Stockholm,Stockholms Stadion,,outdoor,pre-grand-prix-invitationals,,
DN Galan,1983,,Stockholm,Stockholms Stadion,,outdoor,pre-grand-prix-invitationals,,
DN Galan,1984,,Stockholm,Stockholms Stadion,,outdoor,pre-grand-prix-invitationals,,
DN Galan,1985,,Stockholm,Stockholms Stadion,,outdoor,IAAF Grand Prix,,
DN Galan,1986,,Stockholm,Stockholms Stadion,,outdoor,IAAF Grand Prix,,
DN Galan,1987,,Stockholm,Stockholms Stadion,,outdoor,IAAF Grand Prix,,
DN Galan,1988,,Stockholm,Stockholms Stadion,,outdoor,IAAF Grand Prix,,
DN Galan,1989,,Stockholm,Stockholms Stadion,,outdoor,IAAF Grand Prix,,
DN Galan,1990,,Stockholm,Stockholms Stadion,,outdoor,IAAF Grand Prix,,
DN Galan,1991,,Stockholm,Stockholms Stadion,,outdoor,IAAF Grand Prix,,
DN Galan,1992,,Stockholm,Stockholms Stadion,,outdoor,IAAF Grand Prix,,
DN Galan,1993,,Stockholm,Stockholms Stadion,,outdoor,IAAF Grand Prix,,
DN Galan,1994,,Stockholm,Stockholms Stadion,,outdoor,IAAF Grand Prix,,
DN Galan,1995,,Stockholm,Stockholms Stadion,,outdoor,IAAF Grand Prix,,
DN Galan,1996,,Stockholm,Stockholms Stadion,,outdoor,IAAF Grand Prix,,
DN Galan,1997,,Stockholm,Stockholms Stadion,,outdoor,IAAF Grand Prix,,
DN Galan,1998,,Stockholm,Stockholms Stadion,,outdoor,IAAF Grand Prix,,
DN Galan,1999,,Stockholm,Stockholms Stadion,,outdoor,IAAF Grand Prix,,
DN Galan,2000,,Stockholm,Stockholms Stadion,,outdoor,IAAF Grand Prix,,
DN Galan,2001,,Stockholm,Stockholms Stadion,,outdoor,IAAF Grand Prix,,
DN Galan,2002,,Stockholm,Stockholms Stadion,,outdoor,IAAF Grand Prix,,
DN Galan,2003,,Stockholm,Stockholms Stadion,,outdoor,IAAF Super Grand Prix,,
DN Galan,2004,,Stockholm,Stockholms Stadion,,outdoor,IAAF Super Grand Prix,,
DN Galan,2005,,Stockholm,Stockholms Stadion,,outdoor,IAAF Super Grand Prix,,
DN Galan,2006,,Stockholm,Stockholms Stadion,,outdoor,IAAF Super Grand Prix,,
DN Galan,2007,,Stockholm,Stockholms Stadion,,outdoor,IAAF Super Grand Prix,,
DN Galan,2008,,Stockholm,Stockholms Stadion,,outdoor,IAAF Super Grand Prix,,
DN Galan,2009,,Stockholm,Stockholms Stadion,,outdoor,IAAF Super Grand Prix,,
DN Galan,2010,2010-08-05,Stockholm,Stockholms Stadion,,outdoor,Diamond League,7004367,
DN Galan,2011,2011-07-28,Stockholm,Stockholms Stadion,,outdoor,Diamond League,7021606,
DN Galan,2012,2012-08-17,Stockholm,Stockholms Stadion,,outdoor,Diamond League,7033731,
DN Galan,2013,2013-08-22,Stockholm,Stockholms Stadion,,outdoor,Diamond League,7049138,
DN Galan,2014,2014-08-21,Stockholm,Stockholms Stadion,,outdoor,Diamond League,7065899,
DN Galan,2015,2015-07-29,Stockholm,Stockholms Stadion,Bauhaus-galan,outdoor,Diamond League,7078653,
DN Galan,2016,2016-06-15,Stockholm,Stockholms Stadion,Bauhaus-galan,outdoor,Diamond League,7093365,
DN Galan,2017,2017-06-18,Stockholm,Stockholms Stadion,Bauhaus-galan,outdoor,Diamond League,7104860,
Doha Diamond League,2010,2010-05-14,Doha,Suhaim bin Hamad Stadium,,outdoor,Diamond League,7004356,WA calendar
Doha Diamond League,2011,2011-05-06,Doha,Suhaim bin Hamad Stadium,,outdoor,Diamond League,7021596,WA calendar
Doha Diamond League,2012,2012-05-11,Doha,Suhaim bin Hamad Stadium,,outdoor,Diamond League,7033722,WA calendar
Doha Diamond League,2013,2013-05-10,Doha,Suhaim bin Hamad Stadium,,outdoor,Diamond League,7049151,WA calendar
Doha Diamond League,2014,2014-05-09,Doha,Suhaim bin Hamad Stadium,,outdoor,Diamond League,7065889,WA calendar
Doha Diamond League,2015,2015-05-15,Doha,Suhaim bin Hamad Stadium,,outdoor,Diamond League,7078661,WA calendar
Doha Diamond League,2016,2016-05-06,Doha,Suhaim bin Hamad Stadium,,outdoor,Diamond League,7093323,WA calendar
Doha Diamond League,2017,2017-05-05,Doha,Suhaim bin Hamad Stadium,,outdoor,Diamond League,7104808,WA calendar
Dortmund indoor (IHS Grand Prix),1989,1989-02-26,Dortmund,,Indoor Meeting,indoor,,7205196,
Dortmund indoor (IHS Grand Prix),1995,1995-02-19,Dortmund,,,indoor,,7239094,
Galà dei Castelli,2004,2004-08-28,Bellinzona,,Bellinzona Grand Prix Ticino,outdoor,,6955931,WA calendar
Galà dei Castelli,2006,2006-08-26,Bellinzona,,Bellinzona Grand Prix Ticino,outdoor,,6955935,WA calendar
Galà dei Castelli,2017,2017-09-03,Bellinzona,,Bellinzona Grand Prix Ticino,outdoor,,7110757,WA calendar
Golden Gala,1980,,Rome,Stadio Olimpico,,outdoor,,,
Golden Gala,1982,,Rome,Stadio Olimpico,,outdoor,,,
Golden Gala,1983,,Rome,Stadio Olimpico,,outdoor,,,
Golden Gala,1984,,Rome,Stadio Olimpico,,outdoor,,,
Golden Gala,1985,,Rome,Stadio Olimpico,,outdoor,IAAF Grand Prix,,
Golden Gala,1986,,Rome,Stadio Olimpico,,outdoor,IAAF Grand Prix,,
Golden Gala,1987,,Rome,Stadio Olimpico,,outdoor,IAAF Grand Prix,,
Golden Gala,1988,,Verona,,,outdoor,IAAF Grand Prix,,
Golden Gala,1989,,Pescara,,,outdoor,IAAF Grand Prix,,
Golden Gala,1990,,Bologna,,,outdoor,IAAF Grand Prix,,
Golden Gala,1991,,Rome,Stadio Olimpico,,outdoor,IAAF Grand Prix,,
Golden Gala,1992,,Rome,Stadio Olimpico,,outdoor,IAAF Grand Prix,,
Golden Gala,1993,,Rome,Stadio Olimpico,,outdoor,IAAF Grand Prix,,
Golden Gala,1994,,Rome,Stadio Olimpico,,outdoor,IAAF Grand Prix,,
Golden Gala,1995,,Rome,Stadio Olimpico,,outdoor,IAAF Grand Prix,,
Golden Gala,1996,,Rome,Stadio Olimpico,,outdoor,IAAF Grand Prix,,
Golden Gala,1997,,Rome,Stadio Olimpico,,outdoor,IAAF Grand Prix,,
Golden Gala,1998,,Rome,Stadio Olimpico,,outdoor,IAAF Golden League,,
Golden Gala,1999,,Rome,Stadio Olimpico,,outdoor,IAAF Golden League,,
Golden Gala,2000,,Rome,Stadio Olimpico,,outdoor,IAAF Golden League,,
Golden Gala,2001,,Rome,Stadio Olimpico,,outdoor,IAAF Golden League,,
Golden Gala,2002,,Rome,Stadio Olimpico,,outdoor,IAAF Golden League,,
Golden Gala,2003,,Rome,Stadio Olimpico,,outdoor,IAAF Golden League,,
Golden Gala,2004,,Rome,Stadio Olimpico,,outdoor,IAAF Golden League,,
Golden Gala,2005,,Rome,Stadio Olimpico,,outdoor,IAAF Golden League,,
Golden Gala,2006,,Rome,Stadio Olimpico,,outdoor,IAAF Golden League,,
Golden Gala,2007,,Rome,Stadio Olimpico,,outdoor,IAAF Golden League,,
Golden Gala,2008,,Rome,Stadio Olimpico,,outdoor,IAAF Golden League,,
Golden Gala,2009,,Rome,Stadio Olimpico,,outdoor,IAAF Golden League,,
Golden Gala,2010,2010-06-10,Rome,Stadio Olimpico,,outdoor,Diamond League,7004359,
Golden Gala,2011,2011-05-26,Rome,Stadio Olimpico,Roma Compeed Golden Gala,outdoor,Diamond League,7021598,
Golden Gala,2012,2012-05-31,Rome,Stadio Olimpico,,outdoor,Diamond League,7033724,
Golden Gala,2013,2013-06-06,Rome,Stadio Olimpico,,outdoor,Diamond League,7049136,
Golden Gala,2014,2014-06-05,Rome,Stadio Olimpico,Golden Gala Pietro Mennea,outdoor,Diamond League,7065892,
Golden Gala,2015,2015-06-04,Rome,Stadio Olimpico,Golden Gala Pietro Mennea,outdoor,Diamond League,7078659,
Golden Gala,2016,2016-06-02,Rome,Stadio Olimpico,Golden Gala Pietro Mennea,outdoor,Diamond League,7093388,
Golden Gala,2017,2017-06-08,Rome,Stadio Olimpico,Golden Gala Pietro Mennea,outdoor,Diamond League,7104844,
Golden Spike Ostrava,2003,2003-06-12,Ostrava,,,outdoor,IAAF Super Grand Prix,,
Golden Spike Ostrava,2008,2008-06-12,Ostrava,,,outdoor,IAAF Grand Prix,,
Golden Spike Ostrava,2010,2010-05-27,Ostrava,,,outdoor,IAAF World Challenge,,
Golden Spike Ostrava,2014,2014-06-17,Ostrava,,,outdoor,IAAF World Challenge,,
Golden Spike Ostrava,2015,2015-05-26,Ostrava,,,outdoor,IAAF World Challenge,,
Golden Spike Ostrava,2017,2017-06-28,Ostrava,,,outdoor,IAAF World Challenge,,
Goodwill Meeting St Petersburg,1996,,Saint Petersburg,,,outdoor,IAAF Permit Meeting,,
Grenada Invitational,2017,,St. George's,,,outdoor,area-permit-meetings,,
Grenoble Indoor Meeting,1992,1992-02-14,Grenoble,,,indoor,european-indoor-invitationals,7204575,
Gugl Games,1988,,Linz,Linzer Stadion,,outdoor,,,
Gugl Games,1989,,Linz,Linzer Stadion,,outdoor,,,
Gugl Games,1990,,Linz,Linzer Stadion,,outdoor,,,
Gugl Games,1991,,Linz,Linzer Stadion,,outdoor,,,
Gugl Games,1992,,Linz,Linzer Stadion,,outdoor,iaaf-permit-meetings,,
Gugl Games,1993,,Linz,Linzer Stadion,,outdoor,iaaf-permit-meetings,,
Gugl Games,1994,,Linz,Linzer Stadion,,outdoor,iaaf-grand-prix-ii,,
Gugl Games,1995,,Linz,Linzer Stadion,,outdoor,iaaf-grand-prix-ii,,
Gugl Games,1996,,Linz,Linzer Stadion,,outdoor,iaaf-grand-prix-ii,,
Gugl Games,1997,,Linz,Linzer Stadion,,outdoor,iaaf-grand-prix-ii,,
Gugl Games,1998,,Linz,Linzer Stadion,,outdoor,iaaf-grand-prix-ii,,
Gugl Games,1999,,Linz,Linzer Stadion,,outdoor,iaaf-grand-prix-ii,,
Gugl Games,2000,,Linz,Linzer Stadion,,outdoor,iaaf-grand-prix-ii,,
Gugl Games,2001,,Linz,Linzer Stadion,,outdoor,iaaf-grand-prix-ii,,
Gugl Games,2002,,Linz,Linzer Stadion,,outdoor,iaaf-grand-prix-ii,,
Gugl Games,2003,,Linz,Linzer Stadion,,outdoor,iaaf-grand-prix,,
Gugl Games,2004,,Linz,Linzer Stadion,,outdoor,iaaf-grand-prix,,
Gugl Games,2005,,Linz,Linzer Stadion,,outdoor,iaaf-grand-prix,,
Gugl Games,2006,,Linz,Linzer Stadion,,outdoor,european-athletics-permit-meetings,,
Gugl Games,2007,,Linz,Linzer Stadion,,outdoor,european-athletics-permit-meetings,,
Gugl Games,2012,2012-08-20,Linz,Linzer Stadion,Gugl Games,outdoor,european-athletics-permit-meetings,,
Gugl Games,2013,2013-08-26,Linz,Linzer Stadion,Gugl Games,outdoor,european-athletics-permit-meetings,,
Gugl Games,2014,,Linz,Linzer Stadion,Gugl Games,outdoor,european-athletics-permit-meetings,,
Gunma International (Maebashi),1997,,Maebashi,Green Dome Maebashi,,indoor,IAAF Indoor Permit,,
Gunma International (Maebashi),1998,,Maebashi,Green Dome Maebashi,,indoor,IAAF Indoor Permit,,
Gyulai István Memorial,2011,,Budapest,Ferenc Puskás Stadium,,outdoor,european-athletics-permit-meetings,,en.wikipedia Gyulai István Memorial
Gyulai István Memorial,2012,,Budapest,Ferenc Puskás Stadium,,outdoor,european-athletics-permit-meetings,,en.wikipedia
Gyulai István Memorial,2013,,Budapest,Ferenc Puskás Stadium,,outdoor,european-athletics-permit-meetings,,en.wikipedia
Gyulai István Memorial,2014,,Székesfehérvár,Bregyó közi Regionális Atlétika Központ,,outdoor,european-athletics-permit-meetings,,en.wikipedia
Gyulai István Memorial,2015,,Székesfehérvár,Bregyó közi Regionális Atlétika Központ,,outdoor,european-athletics-permit-meetings,,en.wikipedia
Gyulai István Memorial,2016,,Székesfehérvár,Bregyó közi Regionális Atlétika Központ,,outdoor,european-athletics-permit-meetings,,en.wikipedia
Gyulai István Memorial,2017,,Székesfehérvár,Bregyó közi Regionális Atlétika Központ,,outdoor,european-athletics-permit-meetings,,en.wikipedia
Herculis,2003,2003-09-13,Monaco,Stade Louis II,IAAF World Athletics Final,outdoor,IAAF World Athletics Final,6900531,
Herculis,2004,2004-09-18,Monaco,Stade Louis II,IAAF World Athletics Final,outdoor,IAAF World Athletics Final,6900528,
Herculis,2005,2005-09-09,Monaco,Stade Louis II,IAAF World Athletics Final,outdoor,IAAF World Athletics Final,6900529,
Herculis,2010,2010-07-22,Monaco,Stade Louis II,,outdoor,Diamond League,7004366,
Herculis,2011,2011-07-22,Monaco,Stade Louis II,,outdoor,Diamond League,7021605,
Herculis,2012,2012-07-20,Monaco,Stade Louis II,,outdoor,Diamond League,7033730,
Herculis,2013,2013-07-19,Monaco,Stade Louis II,,outdoor,Diamond League,7049145,
Herculis,2014,2014-07-18,Monaco,Stade Louis II,,outdoor,Diamond League,7065898,
Herculis,2015,2015-07-17,Monaco,Stade Louis II,,outdoor,Diamond League,7078654,
Herculis,2016,2016-07-15,Monaco,Stade Louis II,,outdoor,Diamond League,7093357,
Herculis,2017,2017-07-21,Monaco,Stade Louis II,,outdoor,Diamond League,7104886,
IAAF World Challenge Beijing,2013,2013-05-21,Beijing,National Stadium,,outdoor,IAAF World Challenge,,en.wikipedia IAAF_World_Challenge_Beijing
IAAF World Challenge Beijing,2014,2014-05-21,Beijing,National Stadium,,outdoor,IAAF World Challenge,,en.wikipedia
IAAF World Challenge Beijing,2015,2015-05-20,Beijing,National Stadium,,outdoor,IAAF World Challenge,,en.wikipedia
IAAF World Challenge Beijing,2016,2016-05-18,Beijing,National Stadium,,outdoor,IAAF World Challenge,,en.wikipedia
ISTAF Berlin,1921,1921-07-03,Berlin,Deutsches Stadion,,outdoor,pre-grand-prix-invitationals,,
ISTAF Berlin,1937,1937-08-01,Berlin,,,outdoor,pre-grand-prix-invitationals,,
ISTAF Berlin,1938,,Berlin,Mommsenstadion,,outdoor,pre-grand-prix-invitationals,,
ISTAF Berlin,1939,1939-07-30,Berlin,,,outdoor,pre-grand-prix-invitationals,,
ISTAF Berlin,1941,,Berlin,Mommsenstadion,,outdoor,pre-grand-prix-invitationals,,
ISTAF Berlin,1942,,Berlin,,,outdoor,pre-grand-prix-invitationals,,
ISTAF Berlin,1949,,Berlin,Mommsenstadion,,outdoor,pre-grand-prix-invitationals,,
ISTAF Berlin,1950,,Berlin,,,outdoor,pre-grand-prix-invitationals,,
ISTAF Berlin,1953,,Berlin,Mommsenstadion,,outdoor,pre-grand-prix-invitationals,,
ISTAF Berlin,1954,,Berlin,,,outdoor,pre-grand-prix-invitationals,,
ISTAF Berlin,1955,,Berlin,Olympiastadion,,outdoor,pre-grand-prix-invitationals,,
ISTAF Berlin,1956,,Berlin,Olympiastadion,,outdoor,pre-grand-prix-invitationals,,
ISTAF Berlin,1957,,Berlin,Olympiastadion,,outdoor,pre-grand-prix-invitationals,,
ISTAF Berlin,1958,,Berlin,Olympiastadion,,outdoor,pre-grand-prix-invitationals,,
ISTAF Berlin,1959,,Berlin,Olympiastadion,,outdoor,pre-grand-prix-invitationals,,
ISTAF Berlin,1960,,Berlin,Olympiastadion,,outdoor,pre-grand-prix-invitationals,,
ISTAF Berlin,1961,,Berlin,Olympiastadion,,outdoor,pre-grand-prix-invitationals,,
ISTAF Berlin,1962,,Berlin,Olympiastadion,,outdoor,pre-grand-prix-invitationals,,
ISTAF Berlin,1963,,Berlin,Olympiastadion,,outdoor,pre-grand-prix-invitationals,,
ISTAF Berlin,1964,,Berlin,Olympiastadion,,outdoor,pre-grand-prix-invitationals,,
ISTAF Berlin,1965,,Berlin,Olympiastadion,,outdoor,pre-grand-prix-invitationals,,
ISTAF Berlin,1966,,Berlin,Olympiastadion,,outdoor,pre-grand-prix-invitationals,,
ISTAF Berlin,1967,,Berlin,Olympiastadion,,outdoor,pre-grand-prix-invitationals,,
ISTAF Berlin,1968,,Berlin,Olympiastadion,,outdoor,pre-grand-prix-invitationals,,
ISTAF Berlin,1969,,Berlin,Olympiastadion,,outdoor,pre-grand-prix-invitationals,,
ISTAF Berlin,1970,1970-07-04,Berlin,Olympiastadion,,outdoor,pre-grand-prix-invitationals,,
ISTAF Berlin,1971,,Berlin,Olympiastadion,,outdoor,pre-grand-prix-invitationals,,
ISTAF Berlin,1974,,Berlin,Olympiastadion,,outdoor,pre-grand-prix-invitationals,,
ISTAF Berlin,1975,1975-08-22,Berlin,Olympiastadion,,outdoor,pre-grand-prix-invitationals,,
ISTAF Berlin,1976,,Berlin,Olympiastadion,,outdoor,pre-grand-prix-invitationals,,
ISTAF Berlin,1977,1977-08-26,Berlin,Olympiastadion,,outdoor,pre-grand-prix-invitationals,,
ISTAF Berlin,1978,1978-08-18,Berlin,Olympiastadion,,outdoor,pre-grand-prix-invitationals,,
ISTAF Berlin,1979,,Berlin,Olympiastadion,,outdoor,pre-grand-prix-invitationals,,
ISTAF Berlin,1980,,Berlin,Olympiastadion,,outdoor,pre-grand-prix-invitationals,,
ISTAF Berlin,1981,,Berlin,Olympiastadion,,outdoor,pre-grand-prix-invitationals,,
ISTAF Berlin,1982,,Berlin,Olympiastadion,,outdoor,pre-grand-prix-invitationals,,
ISTAF Berlin,1983,,Berlin,Olympiastadion,,outdoor,pre-grand-prix-invitationals,,
ISTAF Berlin,1984,,Berlin,Olympiastadion,,outdoor,pre-grand-prix-invitationals,,
ISTAF Berlin,1985,1985-08-23,Berlin,Olympiastadion,,outdoor,iaaf-grand-prix,,
ISTAF Berlin,1986,,Berlin,Olympiastadion,,outdoor,iaaf-grand-prix,,
ISTAF Berlin,1987,,Berlin,Olympiastadion,,outdoor,iaaf-grand-prix,,
ISTAF Berlin,1988,,Berlin,Olympiastadion,,outdoor,iaaf-grand-prix-final,,
ISTAF Berlin,1989,1989-08-18,Berlin,Olympiastadion,,outdoor,iaaf-grand-prix,,
ISTAF Berlin,1990,1990-08-17,Berlin,Olympiastadion,,outdoor,iaaf-grand-prix,,
ISTAF Berlin,1991,,Berlin,Olympiastadion,,outdoor,iaaf-grand-prix,,
ISTAF Berlin,1992,,Berlin,Olympiastadion,,outdoor,iaaf-grand-prix,,
ISTAF Berlin,1993,,Berlin,Olympiastadion,,outdoor,iaaf-golden-four,,
ISTAF Berlin,1994,,Berlin,Olympiastadion,,outdoor,iaaf-golden-four,,
ISTAF Berlin,1995,,Berlin,Olympiastadion,,outdoor,iaaf-golden-four,,
ISTAF Berlin,1996,,Berlin,Olympiastadion,,outdoor,iaaf-golden-four,,
ISTAF Berlin,1997,,Berlin,Olympiastadion,,outdoor,iaaf-golden-four,,
ISTAF Berlin,1998,,Berlin,Olympiastadion,,outdoor,iaaf-golden-league,,
ISTAF Berlin,1999,1999-09-07,Berlin,Olympiastadion,,outdoor,iaaf-golden-league,,
ISTAF Berlin,2000,,Berlin,Olympiastadion,,outdoor,iaaf-golden-league,,
ISTAF Berlin,2001,,Berlin,Olympiastadion,,outdoor,iaaf-golden-league,,
ISTAF Berlin,2002,,Berlin,Friedrich-Ludwig-Jahn-Sportpark,,outdoor,iaaf-golden-league,,
ISTAF Berlin,2003,,Berlin,Friedrich-Ludwig-Jahn-Sportpark,,outdoor,iaaf-golden-league,,
ISTAF Berlin,2004,,Berlin,Olympiastadion,,outdoor,iaaf-golden-league,,
ISTAF Berlin,2005,2005-09-04,Berlin,Olympiastadion,,outdoor,iaaf-golden-league,,
ISTAF Berlin,2006,,Berlin,Olympiastadion,,outdoor,iaaf-golden-league,,
ISTAF Berlin,2007,,Berlin,Olympiastadion,,outdoor,iaaf-golden-league,,
ISTAF Berlin,2008,2008-06-01,Berlin,Olympiastadion,,outdoor,iaaf-golden-league,,
ISTAF Berlin,2009,,Berlin,Olympiastadion,,outdoor,iaaf-golden-league,,
ISTAF Berlin,2010,2010-08-22,Berlin,Olympiastadion,,outdoor,iaaf-world-challenge,,
ISTAF Berlin,2011,,Berlin,Olympiastadion,,outdoor,iaaf-world-challenge,,
ISTAF Berlin,2012,,Berlin,Olympiastadion,,outdoor,iaaf-world-challenge,,
ISTAF Berlin,2013,,Berlin,Olympiastadion,,outdoor,iaaf-world-challenge,,
ISTAF Berlin,2014,2014-08-31,Berlin,Olympiastadion,,outdoor,iaaf-world-challenge,,
ISTAF Berlin,2015,2015-09-06,Berlin,Olympiastadion,,outdoor,iaaf-world-challenge,,
ISTAF Berlin,2016,,Berlin,Olympiastadion,,outdoor,iaaf-world-challenge,,
ISTAF Berlin,2017,2017-08-27,Berlin,Olympiastadion,,outdoor,iaaf-world-challenge,,
ITC International Meet New Delhi,1992,1992-02-03,New Delhi,,,outdoor,iaaf-permit-meetings,7216164,WA calendar 'Outdoor Meeting' New Delhi
Indoor Flanders Meeting,1990,,Ghent,Flanders Expo,,indoor,european-indoor-invitationals,,
Indoor Flanders Meeting,1991,,Ghent,Flanders Expo,,indoor,european-indoor-invitationals,,
Indoor Flanders Meeting,1992,,Ghent,Flanders Expo,,indoor,european-indoor-invitationals,,
Indoor Flanders Meeting,1993,,Ghent,Flanders Expo,,indoor,european-indoor-invitationals,,
Indoor Flanders Meeting,1994,,Ghent,Flanders Expo,,indoor,european-indoor-invitationals,,
Indoor Flanders Meeting,1995,,Ghent,Flanders Expo,,indoor,european-indoor-invitationals,,
Indoor Flanders Meeting,1996,,Ghent,Flanders Expo,,indoor,european-indoor-invitationals,,
Indoor Flanders Meeting,1997,,Ghent,Flanders Expo,,indoor,,,
Indoor Flanders Meeting,1998,,Ghent,Flanders Expo,,indoor,iaaf-indoor-permit-meetings,,
Indoor Flanders Meeting,1999,,Ghent,Flanders Expo,,indoor,iaaf-indoor-permit-meetings,,
Indoor Flanders Meeting,2000,,Ghent,Flanders Sports Arena,,indoor,iaaf-indoor-permit-meetings,,
Indoor Flanders Meeting,2001,,Ghent,Flanders Sports Arena,,indoor,iaaf-indoor-permit-meetings,,
Indoor Flanders Meeting,2002,,Ghent,Flanders Sports Arena,,indoor,iaaf-indoor-permit-meetings,,
Indoor Flanders Meeting,2003,,Ghent,Flanders Sports Arena,,indoor,iaaf-indoor-permit-meetings,,
Indoor Flanders Meeting,2004,,Ghent,Flanders Sports Arena,,indoor,iaaf-indoor-permit-meetings,,
Indoor Flanders Meeting,2005,,Ghent,Flanders Sports Arena,,indoor,iaaf-indoor-permit-meetings,,
Indoor Flanders Meeting,2006,2006-02-26,Ghent,Flanders Sports Arena,,indoor,iaaf-indoor-permit-meetings,,
Indoor Flanders Meeting,2007,,Ghent,Flanders Sports Arena,,indoor,iaaf-indoor-permit-meetings,,
Indoor Flanders Meeting,2008,2008-02-28,Ghent,Flanders Sports Arena,,indoor,iaaf-indoor-permit-meetings,,
Indoor Flanders Meeting,2009,,Ghent,Flanders Sports Arena,,indoor,iaaf-indoor-permit-meetings,,
Indoor Flanders Meeting,2010,2010-02-14,Ghent,Flanders Sports Arena,,indoor,iaaf-indoor-permit-meetings,,
Indoor Flanders Meeting,2011,2011-02-13,Ghent,Flanders Sports Arena,,indoor,iaaf-indoor-permit-meetings,,
Indoor Flanders Meeting,2013,,Ghent,Flanders Sports Arena,,indoor,iaaf-indoor-permit-meetings,,
Indoor Flanders Meeting,2014,2014-02-09,Ghent,Flanders Sports Arena,,indoor,iaaf-indoor-permit-meetings,,
Janusz Kusociński Memorial,1954,1954-06-20,Warszawa,,,outdoor,pre-grand-prix-invitationals,,pl.wikipedia
Janusz Kusociński Memorial,1975,1975-09-27,Warszawa,,,outdoor,,7216294,WA calendar 'Warszawa' (not confirmed as Kusociński)
Kamila Skolimowska Memorial,2009,2009-05-02,Warszawa,Stadion RKS Skra,,outdoor,,,pl.wikipedia
Kamila Skolimowska Memorial,2011,2011-09-20,Warszawa,Stadion Orła,,outdoor,,,pl.wikipedia
Kamila Skolimowska Memorial,2012,2012-08-19,Warszawa,Stadion Orła,,outdoor,,,pl.wikipedia
Kamila Skolimowska Memorial,2013,2013-08-25,Warszawa,Stadion Orła,,outdoor,,,pl.wikipedia
Kamila Skolimowska Memorial,2014,2014-08-23,Warszawa,Stadion Narodowy,,outdoor,,,pl.wikipedia
Kamila Skolimowska Memorial,2015,2015-09-13,Warszawa,Stadion Narodowy,,outdoor,,,pl.wikipedia
Kamila Skolimowska Memorial,2016,2016-08-28,Warszawa,Stadion Narodowy,,outdoor,,,pl.wikipedia
Kamila Skolimowska Memorial,2017,2017-08-15,Warszawa,Stadion Narodowy,,outdoor,,,pl.wikipedia
"Kingston meets (Gibson McCook Relays, Velocity Fest, Camperdown)",2017,2017-02-11,Kingston,,Kingston Camperdown Classics,outdoor,,7105497,WA calendar
København meetings,2012,2012-08-18,København,Østerbro,Østerbro Sparta Copenhagen Games,outdoor,,7053172,WA calendar
København meetings,2013,2013-08-24,København,,Sparta Copenhagen Games,outdoor,,7059660,WA calendar
København meetings,2014,2014-08-16,København,,Sparta Copenhagen Games,outdoor,,7073069,WA calendar
København meetings,2016,2016-08-20,København,,Copenhagen Sparta Games,outdoor,,7098120,WA calendar
København meetings,2017,2017-08-19,København,,Copenhagen Sparta Games,outdoor,,7110490,WA calendar (no results)
London Athletics Meet,2010,2010-08-13,London,Crystal Palace,,outdoor,Diamond League,7004368,
London Athletics Meet,2011,2011-08-05,London,Crystal Palace,,outdoor,Diamond League,7021607,
London Athletics Meet,2012,2012-07-13,London,Crystal Palace,,outdoor,Diamond League,7033729,
London Athletics Meet,2013,2013-07-26,London,Olympic Stadium,Anniversary Games,outdoor,Diamond League,7049137,
London Athletics Meet,2015,2015-07-24,London,Olympic Stadium,Anniversary Games,outdoor,Diamond League,7078662,
London Athletics Meet,2016,2016-07-22,London,Olympic Stadium,Anniversary Games,outdoor,Diamond League,7093364,
London Athletics Meet,2017,2017-07-09,London,Olympic Stadium,Anniversary Games,outdoor,Diamond League,7104892,
Maurie Plant Meet,1988,1988-03-17,Melbourne,Olympic Park Stadium,NEC Classic,outdoor,australian-athletics-tour,,
Maurie Plant Meet,1989,1989-03-09,Melbourne,Olympic Park Stadium,NEC Classic,outdoor,australian-athletics-tour,,
Maurie Plant Meet,1990,1990-02-08,Melbourne,Olympic Park Stadium,NEC Classic,outdoor,australian-athletics-tour,,
Maurie Plant Meet,1991,1991-02-07,Melbourne,Olympic Park Stadium,NEC Classic,outdoor,australian-athletics-tour,,
Maurie Plant Meet,1992,1992-02-25,Melbourne,Olympic Park Stadium,NEC Classic,outdoor,iaaf-permit-meetings,,
Maurie Plant Meet,1993,1993-02-25,Melbourne,Olympic Park Stadium,NEC Classic,outdoor,iaaf-permit-meetings,,
Maurie Plant Meet,1994,1994-02-24,Melbourne,Olympic Park Stadium,NEC Classic,outdoor,iaaf-permit-meetings,,
Maurie Plant Meet,1995,1995-02-23,Melbourne,Olympic Park Stadium,NEC Classic,outdoor,iaaf-permit-meetings,,
Maurie Plant Meet,1996,1996-02-29,Melbourne,Olympic Park Stadium,NEC Classic,outdoor,iaaf-grand-prix-ii,,
Maurie Plant Meet,1997,1997-02-20,Melbourne,Olympic Park Stadium,Nike Track Classic,outdoor,iaaf-grand-prix-ii,,
Maurie Plant Meet,1998,1998-02-25,Melbourne,Olympic Park Stadium,Melbourne Track Tour,outdoor,iaaf-grand-prix-ii,,
Maurie Plant Meet,1999,1999-02-25,Melbourne,Olympic Park Stadium,Melbourne Track Classic,outdoor,iaaf-grand-prix-ii,,
Maurie Plant Meet,2000,2000-03-02,Melbourne,Olympic Park Stadium,Melbourne Track Classic,outdoor,iaaf-grand-prix-ii,,
Maurie Plant Meet,2001,2001-03-01,Melbourne,Olympic Park Stadium,Telstra Melbourne Track Classic,outdoor,iaaf-grand-prix-ii,,
Maurie Plant Meet,2002,2002-03-07,Melbourne,Olympic Park Stadium,Telstra A-series - Melbourne,outdoor,iaaf-grand-prix-ii,,
Maurie Plant Meet,2003,2003-03-01,Melbourne,Olympic Park Stadium,Telstra A-series - Melbourne,outdoor,iaaf-grand-prix-ii,,
Maurie Plant Meet,2004,2004-02-12,Melbourne,Olympic Park Stadium,Telstra A-series - Melbourne,outdoor,iaaf-grand-prix-ii,,
Maurie Plant Meet,2005,2005-02-17,Melbourne,Olympic Park Stadium,Telstra A-series - Melbourne,outdoor,iaaf-grand-prix-ii,,
Maurie Plant Meet,2006,2006-03-09,Melbourne,Olympic Park Stadium,Telstra A-series - Melbourne,outdoor,iaaf-grand-prix,,
Maurie Plant Meet,2007,2007-03-02,Melbourne,Olympic Park Stadium,Telstra A-series - Melbourne,outdoor,iaaf-grand-prix,,
Maurie Plant Meet,2008,2008-02-21,Melbourne,Olympic Park Stadium,Melbourne Athletic Grand Prix,outdoor,iaaf-grand-prix,,
Maurie Plant Meet,2009,2009-03-05,Melbourne,Olympic Park Stadium,Melbourne GP Series Meet,outdoor,iaaf-grand-prix,,
Maurie Plant Meet,2010,2010-03-04,Melbourne,Olympic Park Stadium,IAAF Melbourne Track Classic,outdoor,iaaf-world-challenge,,
Maurie Plant Meet,2011,2011-03-03,Melbourne,Olympic Park Stadium,IAAF Melbourne Track Classic,outdoor,iaaf-world-challenge,,
Maurie Plant Meet,2012,2012-03-02,Melbourne,Lakeside Stadium,Qantas Melbourne Track Classic,outdoor,iaaf-world-challenge,,
Maurie Plant Meet,2013,2013-04-06,Melbourne,Lakeside Stadium,Qantas Melbourne Track Classic,outdoor,iaaf-world-challenge,,
Maurie Plant Meet,2014,2014-03-22,Melbourne,Lakeside Stadium,IAAF Melbourne Track Classic,outdoor,iaaf-world-challenge,,
Maurie Plant Meet,2015,2015-03-21,Melbourne,Lakeside Stadium,IAAF Melbourne Track Classic,outdoor,iaaf-world-challenge,,
Maurie Plant Meet,2016,2016-03-05,Melbourne,Lakeside Stadium,Melbourne Track Classic,outdoor,iaaf-world-challenge,,
Meeting Hauts-de-France Pas-de-Calais,1988,,Liévin,,,indoor,european-indoor-invitationals,,
Meeting Hauts-de-France Pas-de-Calais,1989,,Liévin,,,indoor,european-indoor-invitationals,,
Meeting Hauts-de-France Pas-de-Calais,1990,,Liévin,,,indoor,european-indoor-invitationals,,
Meeting Hauts-de-France Pas-de-Calais,1991,,Liévin,,,indoor,european-indoor-invitationals,,
Meeting Hauts-de-France Pas-de-Calais,1992,,Liévin,,,indoor,european-indoor-invitationals,,
Meeting Hauts-de-France Pas-de-Calais,1993,,Liévin,,,indoor,european-indoor-invitationals,,
Meeting Hauts-de-France Pas-de-Calais,1994,,Liévin,,,indoor,european-indoor-invitationals,,
Meeting Hauts-de-France Pas-de-Calais,1995,,Liévin,,,indoor,european-indoor-invitationals,,
Meeting Hauts-de-France Pas-de-Calais,1996,,Liévin,,,indoor,european-indoor-invitationals,,
Meeting Hauts-de-France Pas-de-Calais,1997,,Liévin,,,indoor,iaaf-indoor-permit-meetings,,
Meeting Hauts-de-France Pas-de-Calais,1998,,Liévin,,,indoor,iaaf-indoor-permit-meetings,,
Meeting Hauts-de-France Pas-de-Calais,1999,,Liévin,,,indoor,iaaf-indoor-permit-meetings,,
Meeting Hauts-de-France Pas-de-Calais,2000,,Liévin,,,indoor,iaaf-indoor-permit-meetings,,
Meeting Hauts-de-France Pas-de-Calais,2001,,Liévin,,,indoor,iaaf-indoor-permit-meetings,,
Meeting Hauts-de-France Pas-de-Calais,2002,,Liévin,,,indoor,iaaf-indoor-permit-meetings,,
Meeting Hauts-de-France Pas-de-Calais,2003,,Liévin,,,indoor,iaaf-indoor-permit-meetings,,
Meeting Hauts-de-France Pas-de-Calais,2004,,Liévin,,,indoor,iaaf-indoor-permit-meetings,,
Meeting Hauts-de-France Pas-de-Calais,2005,,Liévin,,,indoor,iaaf-indoor-permit-meetings,,
Meeting Hauts-de-France Pas-de-Calais,2006,,Liévin,,,indoor,iaaf-indoor-permit-meetings,,
Meeting Hauts-de-France Pas-de-Calais,2007,,Liévin,,,indoor,,,
Meeting Hauts-de-France Pas-de-Calais,2009,,Liévin,,,indoor,iaaf-indoor-permit-meetings,,
Meeting Hauts-de-France Pas-de-Calais,2010,,Liévin,,,indoor,iaaf-indoor-permit-meetings,,
Meeting Hauts-de-France Pas-de-Calais,2011,,Liévin,,,indoor,iaaf-indoor-permit-meetings,,
Meeting Hauts-de-France Pas-de-Calais,2012,,Liévin,,,indoor,iaaf-indoor-permit-meetings,,
Meeting International Mohammed VI d'Athlétisme de Rabat,2016,2016-05-22,Rabat,Complexe Sportif Prince Moulay Abdellah,,outdoor,Diamond League,7093334,
Meeting International Mohammed VI d'Athlétisme de Rabat,2017,2017-07-16,Rabat,Complexe Sportif Prince Moulay Abdellah,,outdoor,Diamond League,7104828,
Meeting International de Dakar,2010,2010-03-06,Dakar,,,outdoor,IAAF World Challenge,7216133,WA calendar
Meeting International de Dakar,2011,2011-07-30,Dakar,,,outdoor,IAAF World Challenge,7216190,WA calendar
Meeting Lille-Métropole,2010,2010-08-24,Villeneuve-d'Ascq,Stadium Nord Lille Métropole,,outdoor,EAA Premium,,fr.wikipedia
Meeting Lille-Métropole,2012,2012-06-09,Villeneuve-d'Ascq,Stadium Nord Lille Métropole,,outdoor,EAA Premium,,fr.wikipedia
Meeting Nikaïa,1976,1976-08-16,Nice,,,outdoor,,,
Meeting Nikaïa,1977,,Nice,,,outdoor,,,
Meeting Nikaïa,1978,,Nice,,,outdoor,,,
Meeting Nikaïa,1979,,Nice,,,outdoor,,,
Meeting Nikaïa,1980,,Nice,,,outdoor,,,
Meeting Nikaïa,1981,,Nice,,,outdoor,,,
Meeting Nikaïa,1982,,Nice,,,outdoor,,,
Meeting Nikaïa,1983,,Nice,,,outdoor,,,
Meeting Nikaïa,1984,,Nice,,,outdoor,,,
Meeting Nikaïa,1985,1985-07-16,Nice,,,outdoor,iaaf-grand-prix,,
Meeting Nikaïa,1986,,Nice,,,outdoor,iaaf-grand-prix,,
Meeting Nikaïa,1987,,Nice,,,outdoor,iaaf-grand-prix,,
Meeting Nikaïa,1988,,Nice,,,outdoor,iaaf-grand-prix,,
Meeting Nikaïa,1989,,Nice,,,outdoor,iaaf-grand-prix,,
Meeting Nikaïa,1990,,Nice,,,outdoor,iaaf-grand-prix,,
Meeting Nikaïa,1991,,Nice,,,outdoor,iaaf-grand-prix,,
Meeting Nikaïa,1992,,Nice,,,outdoor,iaaf-grand-prix,,
Meeting Nikaïa,1993,,Nice,,,outdoor,iaaf-grand-prix,,
Meeting Nikaïa,1994,,Nice,,,outdoor,iaaf-grand-prix,,
Meeting Nikaïa,1995,,Nice,,,outdoor,iaaf-grand-prix,,
Meeting Nikaïa,1996,,Nice,,,outdoor,iaaf-grand-prix,,
Meeting Nikaïa,1997,,Nice,,,outdoor,iaaf-grand-prix,,
Meeting Nikaïa,1998,,Nice,,,outdoor,iaaf-grand-prix,,
Meeting Nikaïa,1999,,Nice,,,outdoor,iaaf-grand-prix,,
Meeting Nikaïa,2000,,Nice,,,outdoor,iaaf-grand-prix,,
Meeting Nikaïa,2001,,Nice,,,outdoor,iaaf-grand-prix,,
Meeting de Paris,2000,2000-07-23,Saint-Denis,Stade de France,Meeting Gaz de France,outdoor,IAAF Golden League,,fr.wikipedia
Meeting de Paris,2001,2001-07-06,Saint-Denis,Stade de France,Meeting Gaz de France,outdoor,IAAF Golden League,,fr.wikipedia
Meeting de Paris,2002,2002-07-05,Saint-Denis,Stade de France,Meeting Gaz de France,outdoor,IAAF Golden League,,fr.wikipedia
Meeting de Paris,2003,2003-07-04,Saint-Denis,Stade de France,Meeting Gaz de France,outdoor,IAAF Golden League,,fr.wikipedia
Meeting de Paris,2004,2004-07-23,Saint-Denis,Stade de France,Meeting Gaz de France,outdoor,IAAF Golden League,,fr.wikipedia
Meeting de Paris,2005,2005-07-01,Saint-Denis,Stade de France,Meeting Gaz de France,outdoor,IAAF Golden League,,fr.wikipedia
Meeting de Paris,2006,2006-07-08,Saint-Denis,Stade de France,Meeting Gaz de France,outdoor,IAAF Golden League,,fr.wikipedia
Meeting de Paris,2007,2007-07-06,Saint-Denis,Stade de France,Meeting Gaz de France,outdoor,IAAF Golden League,,fr.wikipedia
Meeting de Paris,2008,2008-07-18,Saint-Denis,Stade de France,Meeting Gaz de France,outdoor,IAAF Golden League,,fr.wikipedia
Meeting de Paris,2009,2009-07-17,Saint-Denis,Stade de France,Meeting Areva,outdoor,IAAF Golden League,,fr.wikipedia
Meeting de Paris,2010,2010-07-16,Saint-Denis,Stade de France,Meeting Areva,outdoor,Diamond League,7004365,WA calendar
Meeting de Paris,2011,2011-07-08,Saint-Denis,Stade de France,Meeting Areva,outdoor,Diamond League,7021603,WA calendar
Meeting de Paris,2012,2012-07-06,Saint-Denis,Stade de France,Meeting Areva,outdoor,Diamond League,7033728,WA calendar
Meeting de Paris,2013,2013-07-06,Saint-Denis,Stade de France,Meeting Areva,outdoor,Diamond League,7049153,WA calendar
Meeting de Paris,2014,2014-07-05,Saint-Denis,Stade de France,Meeting Areva,outdoor,Diamond League,7065896,WA calendar
Meeting de Paris,2015,2015-07-04,Saint-Denis,Stade de France,Meeting Areva,outdoor,Diamond League,7078655,WA calendar
Meeting de Paris,2016,2016-08-27,Saint-Denis,Stade de France,Meeting de Paris,outdoor,Diamond League,7093350,WA calendar
Meeting de Paris,2017,2017-07-01,Paris,Stade Charléty,Meeting de Paris,outdoor,Diamond League,7104779,WA calendar
Meeting de l'Humanité,1984,1984-06-02,Saint-Denis,Stade Auguste-Delaune,Meeting de Saint-Denis,outdoor,,,fr.wikipedia
Meeting de l'Humanité,1992,,Saint-Denis,Stade Auguste-Delaune,,outdoor,IAAF Permit Meeting,,
Meeting de l'Humanité,1993,,Saint-Denis,Stade Auguste-Delaune,,outdoor,IAAF Permit Meeting,,
Meeting de l'Humanité,1994,,Saint-Denis,Stade Auguste-Delaune,,outdoor,IAAF Grand Prix II,,
Meeting de l'Humanité,1995,,Saint-Denis,Stade Auguste-Delaune,,outdoor,IAAF Grand Prix II,,
Meeting de l'Humanité,1996,,Saint-Denis,Stade Auguste-Delaune,,outdoor,IAAF Grand Prix II,,
Meeting de l'Humanité,1997,,Saint-Denis,Stade Auguste-Delaune,,outdoor,IAAF Grand Prix II,,
Meeting de l'Humanité,1998,,Saint-Denis,Stade Auguste-Delaune,,outdoor,IAAF Grand Prix II,,
Meeting de l'Humanité,1999,1999-07-03,Saint-Denis,,Meeting Gaz de France,outdoor,IAAF Grand Prix II,,fr.wikipedia
Memorial Van Damme,1977,1977-08-16,Brussels,Koning Boudewijnstadion,,outdoor,pre-grand-prix-invitationals,,
Memorial Van Damme,1978,1978-08-18,Brussels,Koning Boudewijnstadion,,outdoor,pre-grand-prix-invitationals,,
Memorial Van Damme,1979,1979-09-04,Brussels,Koning Boudewijnstadion,,outdoor,pre-grand-prix-invitationals,,
Memorial Van Damme,1980,1980-08-22,Brussels,Koning Boudewijnstadion,,outdoor,pre-grand-prix-invitationals,,
Memorial Van Damme,1981,1981-08-28,Brussels,Koning Boudewijnstadion,,outdoor,pre-grand-prix-invitationals,,
Memorial Van Damme,1982,1982-08-27,Brussels,Koning Boudewijnstadion,,outdoor,pre-grand-prix-invitationals,,
Memorial Van Damme,1983,1983-08-26,Brussels,Koning Boudewijnstadion,,outdoor,pre-grand-prix-invitationals,,
Memorial Van Damme,1984,1984-08-24,Brussels,Koning Boudewijnstadion,,outdoor,pre-grand-prix-invitationals,,
Memorial Van Damme,1985,1985-08-30,Brussels,Koning Boudewijnstadion,,outdoor,iaaf-grand-prix,,
Memorial Van Damme,1986,1986-09-05,Brussels,Koning Boudewijnstadion,,outdoor,iaaf-grand-prix,,
Memorial Van Damme,1987,1987-09-11,Brussels,Koning Boudewijnstadion,,outdoor,iaaf-grand-prix-final,,
Memorial Van Damme,1988,1988-08-19,Brussels,Koning Boudewijnstadion,,outdoor,iaaf-grand-prix,,
Memorial Van Damme,1989,1989-08-25,Brussels,Koning Boudewijnstadion,,outdoor,iaaf-grand-prix,,
Memorial Van Damme,1990,1990-08-10,Brussels,Koning Boudewijnstadion,,outdoor,iaaf-grand-prix,,
Memorial Van Damme,1991,1991-09-13,Brussels,Koning Boudewijnstadion,,outdoor,iaaf-grand-prix,,
Memorial Van Damme,1992,1992-08-28,Brussels,Koning Boudewijnstadion,,outdoor,iaaf-grand-prix,,
Memorial Van Damme,1993,1993-09-03,Brussels,Koning Boudewijnstadion,,outdoor,iaaf-golden-four,,
Memorial Van Damme,1994,1994-08-19,Brussels,Koning Boudewijnstadion,,outdoor,iaaf-golden-four,,
Memorial Van Damme,1995,1995-08-25,Brussels,Koning Boudewijnstadion,,outdoor,iaaf-golden-four,,
Memorial Van Damme,1996,1996-08-23,Brussels,Koning Boudewijnstadion,,outdoor,iaaf-golden-four,,
Memorial Van Damme,1997,1997-08-22,Brussels,Koning Boudewijnstadion,,outdoor,iaaf-golden-four,,
Memorial Van Damme,1998,1998-08-28,Brussels,Koning Boudewijnstadion,,outdoor,iaaf-golden-league,,
Memorial Van Damme,1999,1999-09-03,Brussels,Koning Boudewijnstadion,,outdoor,iaaf-golden-league,,
Memorial Van Damme,2000,2000-08-28,Brussels,Koning Boudewijnstadion,,outdoor,iaaf-golden-league,,
Memorial Van Damme,2001,2001-08-24,Brussels,Koning Boudewijnstadion,,outdoor,iaaf-golden-league,,
Memorial Van Damme,2002,2002-08-30,Brussels,Koning Boudewijnstadion,,outdoor,iaaf-golden-league,,
Memorial Van Damme,2003,2003-09-05,Brussels,Koning Boudewijnstadion,,outdoor,iaaf-golden-league,,
Memorial Van Damme,2004,2004-09-02,Brussels,Koning Boudewijnstadion,,outdoor,iaaf-golden-league,,
Memorial Van Damme,2005,2005-08-26,Brussels,Koning Boudewijnstadion,,outdoor,iaaf-golden-league,,
Memorial Van Damme,2006,2006-08-25,Brussels,Koning Boudewijnstadion,,outdoor,iaaf-golden-league,,
Memorial Van Damme,2007,2007-09-14,Brussels,Koning Boudewijnstadion,,outdoor,iaaf-golden-league,,
Memorial Van Damme,2008,2008-09-05,Brussels,Koning Boudewijnstadion,,outdoor,iaaf-golden-league,,
Memorial Van Damme,2009,2009-09-04,Brussels,Koning Boudewijnstadion,,outdoor,iaaf-golden-league,,
Memorial Van Damme,2010,2010-08-27,Brussels,Koning Boudewijnstadion,,outdoor,diamond-league,7004370,
Memorial Van Damme,2011,2011-09-16,Brussels,Koning Boudewijnstadion,,outdoor,diamond-league,7021609,
Memorial Van Damme,2012,2012-09-07,Brussels,Koning Boudewijnstadion,,outdoor,diamond-league,7033735,
Memorial Van Damme,2013,2013-09-06,Brussels,Koning Boudewijnstadion,,outdoor,diamond-league,7049141,
Memorial Van Damme,2014,2014-09-05,Brussels,Koning Boudewijnstadion,,outdoor,diamond-league,7065902,
Memorial Van Damme,2015,2015-09-11,Brussels,Koning Boudewijnstadion,,outdoor,diamond-league,7078664,
Memorial Van Damme,2016,2016-09-08,Brussels,Koning Boudewijnstadion,,outdoor,diamond-league,7093636,
Memorial Van Damme,2017,2017-08-31,Brussels,Koning Boudewijnstadion,,outdoor,diamond-league-final,7104903,
Mexico City / Monterrey meets,1997,1997-05-06,Ciudad de México,,,outdoor,,7216202,
New Balance Indoor Grand Prix,1996,,Boston,,,indoor,us-indoor-circuit,,
New Balance Indoor Grand Prix,1997,,Boston,,,indoor,,,
New Balance Indoor Grand Prix,1998,,Boston,,,indoor,iaaf-indoor-permit-meetings,,
New Balance Indoor Grand Prix,1999,,Boston,,,indoor,golden-spike-tour,,
New Balance Indoor Grand Prix,2000,,Boston,,,indoor,golden-spike-tour,,
New Balance Indoor Grand Prix,2001,,Boston,,,indoor,golden-spike-tour,,
New Balance Indoor Grand Prix,2002,,Boston,,,indoor,golden-spike-tour,,
New Balance Indoor Grand Prix,2003,,Boston,,,indoor,golden-spike-tour,,
New Balance Indoor Grand Prix,2004,,Boston,,,indoor,golden-spike-tour,,
New Balance Indoor Grand Prix,2005,,Boston,,,indoor,golden-spike-tour,,
New Balance Indoor Grand Prix,2006,,Boston,,,indoor,golden-spike-tour,,
New Balance Indoor Grand Prix,2007,,Boston,,,indoor,golden-spike-tour,,
New Balance Indoor Grand Prix,2008,,Boston,,,indoor,golden-spike-tour,,
New Balance Indoor Grand Prix,2009,,Boston,,,indoor,golden-spike-tour,,
New Balance Indoor Grand Prix,2010,,Boston,,,indoor,golden-spike-tour,,
New Balance Indoor Grand Prix,2011,,Boston,,,indoor,golden-spike-tour,,
New Balance Indoor Grand Prix,2012,,Boston,,,indoor,golden-spike-tour,,
New Balance Indoor Grand Prix,2013,,Boston,,,indoor,iaaf-indoor-permit-meetings,,
New Balance Indoor Grand Prix,2014,,Boston,,,indoor,iaaf-indoor-permit-meetings,,
New Balance Indoor Grand Prix,2015,,Boston,,,indoor,iaaf-indoor-permit-meetings,,
New Balance Indoor Grand Prix,2016,,Boston,,,indoor,world-indoor-tour,,
New Balance Indoor Grand Prix,2017,,Boston,,,indoor,world-indoor-tour,,
"New Zealand meetings (Auckland, Christchurch, Wanganui)",1984,1984-07-22,Auckland,,,indoor,,7225445,WA calendar 'Indoor Meeting'
"New Zealand meetings (Auckland, Christchurch, Wanganui)",2003,2003-12-03,Auckland,,GP Open Meeting,outdoor,,7216345,WA calendar
"New Zealand meetings (Auckland, Christchurch, Wanganui)",2008,2008-03-15,Auckland,,,outdoor,,7203350,WA calendar
Palio Città della Quercia,1965,1965-06-13,Rovereto,,,outdoor,,,
Paris indoor meetings (Bercy),1991,1991-02-03,Paris,,Indoor Meeting,indoor,,7225356,WA calendar
Pontiac Grand Prix Invitational,2000,,Raleigh,,,outdoor,IAAF Grand Prix,,
Prefontaine Classic,2010,2010-07-03,Eugene,Hayward Field,,outdoor,Diamond League,7004361,
Prefontaine Classic,2011,2011-06-03,Eugene,Hayward Field,,outdoor,Diamond League,7021599,
Prefontaine Classic,2012,2012-06-01,Eugene,Hayward Field,,outdoor,Diamond League,7033725,
Prefontaine Classic,2013,2013-05-31,Eugene,Hayward Field,,outdoor,Diamond League,7049155,
Prefontaine Classic,2014,2014-05-30,Eugene,Hayward Field,,outdoor,Diamond League,7065891,
Prefontaine Classic,2015,2015-05-29,Eugene,Hayward Field,,outdoor,Diamond League,7078660,
Prefontaine Classic,2016,2016-05-27,Eugene,Hayward Field,,outdoor,Diamond League,7093330,
Prefontaine Classic,2017,2017-05-26,Eugene,Hayward Field,,outdoor,Diamond League,7104835,
Rosicky Memorial,1984,1984-08-14,Praha,,Praha,outdoor,pre-grand-prix-invitationals,7205640,WA calendar
Shanghai Diamond League,2005,2005-09-17,Shanghai,Shanghai Stadium,Shanghai Golden Grand Prix,outdoor,IAAF Grand Prix,,
Shanghai Diamond League,2006,2006-09-23,Shanghai,,Shanghai Golden Grand Prix,outdoor,IAAF Grand Prix,,
Shanghai Diamond League,2007,2007-09-28,Shanghai,,Shanghai Golden Grand Prix,outdoor,IAAF Grand Prix,,
Shanghai Diamond League,2008,2008-09-20,Shanghai,,Shanghai Golden Grand Prix,outdoor,IAAF Grand Prix,,
Shanghai Diamond League,2009,2009-09-20,Shanghai,,Shanghai Golden Grand Prix,outdoor,IAAF Grand Prix,,
Shanghai Diamond League,2010,2010-05-23,Shanghai,Shanghai Stadium,,outdoor,Diamond League,7004357,
Shanghai Diamond League,2011,2011-05-15,Shanghai,Shanghai Stadium,,outdoor,Diamond League,7021597,
Shanghai Diamond League,2012,2012-05-19,Shanghai,Shanghai Stadium,,outdoor,Diamond League,7033723,
Shanghai Diamond League,2013,2013-05-18,Shanghai,Shanghai Stadium,,outdoor,Diamond League,7049149,
Shanghai Diamond League,2014,2014-05-18,Shanghai,Shanghai Stadium,,outdoor,Diamond League,7065890,
Shanghai Diamond League,2015,2015-05-17,Shanghai,Shanghai Stadium,,outdoor,Diamond League,7078665,
Shanghai Diamond League,2016,2016-05-14,Shanghai,Shanghai Stadium,,outdoor,Diamond League,7093324,
Shanghai Diamond League,2017,2017-05-13,Shanghai,Shanghai Stadium,,outdoor,Diamond League,7104820,
Sparkassen Cup,2000,2000-02-17,Stuttgart,,Indoor Meeting,indoor,iaaf-indoor-permit-meetings,7204572,WA calendar
Stuttgart international meetings (Neckarstadion),1986,1986-08-25,Stuttgart,,Outdoor Meeting,outdoor,,7204969,WA calendar
Sydney Track Classic,1989,1989-02-08,Sydney,,AIS Drug Offensive,outdoor,australian-athletics-tour,,
Sydney Track Classic,1990,1990-01-14,Sydney,,Commonwealth Challenge,outdoor,australian-athletics-tour,,
Sydney Track Classic,1991,1991-01-20,Sydney,,Mobil Grand Prix,outdoor,australian-athletics-tour,,
Sydney Track Classic,1992,1992-01-25,Sydney,,Sugar Games,outdoor,australian-athletics-tour,,
Sydney Track Classic,1993,1993-01-23,Sydney,,Sugar Games,outdoor,australian-athletics-tour,,
Sydney Track Classic,1994,1994-01-30,Sydney,,Mars Challenge,outdoor,australian-athletics-tour,,
Sydney Track Classic,1995,1995-03-21,Sydney,,Optus Grand Prix Final - Sydney,outdoor,australian-athletics-tour,,
Sydney Track Classic,1996,1996-02-11,Sydney,,Optus Grand Prix - Sydney,outdoor,australian-athletics-tour,,
Sydney Track Classic,1997,1997-01-27,Sydney,Sydney Olympic Park Athletic Centre,Optus Grand Prix - Sydney,outdoor,australian-athletics-tour,,
Sydney Track Classic,1998,1998-02-28,Sydney,Sydney Olympic Park Athletic Centre,Sydney Track Tour,outdoor,iaaf-permit-meetings,,
Sydney Track Classic,1999,1999-02-20,Sydney,Sydney Olympic Park Athletic Centre,Optus Grand Prix - Sydney,outdoor,iaaf-permit-meetings,,
Sydney Track Classic,2000,2000-02-13,Sydney,Sydney Olympic Park Athletic Centre,Optus Grand Prix - Sydney,outdoor,iaaf-permit-meetings,,
Sydney Track Classic,2001,2001-02-16,Sydney,Sydney Olympic Park Athletic Centre,Telstra Athletics Grand Prix - Sydney,outdoor,iaaf-permit-meetings,,
Sydney Track Classic,2003,2003-03-22,Sydney,Sydney Olympic Park Athletic Centre,Telstra A-series - Sydney,outdoor,australian-athletics-tour,,
Sydney Track Classic,2007,2007-02-17,Sydney,Sydney Olympic Park Athletic Centre,Telstra A series - Sydney,outdoor,area-permit-meetings,,
Sydney Track Classic,2008,2008-02-16,Sydney,Sydney Olympic Park Athletic Centre,Sydney Athletics Grand Prix,outdoor,area-permit-meetings,,
Sydney Track Classic,2009,2009-02-28,Sydney,Sydney Olympic Park Athletic Centre,Sydney GP Series Meet,outdoor,area-permit-meetings,,
Sydney Track Classic,2010,2010-02-27,Sydney,Sydney Olympic Park Athletic Centre,,outdoor,australian-athletics-tour,,
Sydney Track Classic,2011,2011-03-19,Sydney,Sydney Olympic Park Athletic Centre,,outdoor,australian-athletics-tour,,
Sydney Track Classic,2012,2012-02-18,Sydney,Sydney Olympic Park Athletic Centre,,outdoor,australian-athletics-tour,,
Sydney Track Classic,2013,2013-03-09,Sydney,Sydney Olympic Park Athletic Centre,,outdoor,australian-athletics-tour,,
Sydney Track Classic,2014,2014-03-15,Sydney,Sydney Olympic Park Athletic Centre,,outdoor,australian-athletics-tour,,
Sydney Track Classic,2015,2015-03-15,Sydney,Sydney Olympic Park Athletic Centre,,outdoor,australian-athletics-tour,,
Sydney Track Classic,2016,2016-03-19,Sydney,Sydney Olympic Park Athletic Centre,,outdoor,australian-athletics-tour,,
Vienna indoor meetings,1981,1981-02-15,Wien,,Indoor Meeting,indoor,,7204838,
Vienna indoor meetings,1982,1982-02-04,Wien,,Indoor Meeting,indoor,,7204837,
Weltklasse Zürich,2010,2010-08-19,Zürich,Letzigrund,,outdoor,Diamond League,7004369,
Weltklasse Zürich,2011,2011-09-08,Zürich,Letzigrund,,outdoor,Diamond League,7021608,
Weltklasse Zürich,2012,2012-08-30,Zürich,Letzigrund,,outdoor,Diamond League,7033734,
Weltklasse Zürich,2013,2013-08-29,Zürich,Letzigrund,,outdoor,Diamond League,7049156,
Weltklasse Zürich,2014,2014-08-28,Zürich,Letzigrund,,outdoor,Diamond League,7065901,
Weltklasse Zürich,2015,2015-09-03,Zürich,Letzigrund,,outdoor,Diamond League,7078663,
Weltklasse Zürich,2016,2016-09-01,Zürich,Letzigrund,,outdoor,Diamond League,7093366,
Weltklasse Zürich,2017,2017-08-24,Zürich,Letzigrund,,outdoor,Diamond League Final,7104898,
adidas Grand Prix / Reebok Grand Prix / USATF New York Grand Prix,2010,2010-06-12,New York,Icahn Stadium,adidas Grand Prix,outdoor,Diamond League,7004360,
adidas Grand Prix / Reebok Grand Prix / USATF New York Grand Prix,2011,2011-06-11,New York,Icahn Stadium,adidas Grand Prix,outdoor,Diamond League,7021601,
adidas Grand Prix / Reebok Grand Prix / USATF New York Grand Prix,2012,2012-06-09,New York,Icahn Stadium,adidas Grand Prix,outdoor,Diamond League,7033727,
adidas Grand Prix / Reebok Grand Prix / USATF New York Grand Prix,2013,2013-05-25,New York,Icahn Stadium,adidas Grand Prix,outdoor,Diamond League,7049152,
adidas Grand Prix / Reebok Grand Prix / USATF New York Grand Prix,2014,2014-06-14,New York,Icahn Stadium,adidas Grand Prix,outdoor,Diamond League,7065894,
adidas Grand Prix / Reebok Grand Prix / USATF New York Grand Prix,2015,2015-06-13,New York,Icahn Stadium,adidas Grand Prix,outdoor,Diamond League,7078657,
