series,year,reason
world-cup,1983,Biennial cycle broken by the first IAAF World Championships (Helsinki 1983); Cup moved to a 4-year cycle (next 1985).
world-cup,1987,World Championships in Rome 1987; Cup held quadrennially in 1985 and 1989.
commonwealth-games,1942,Cancelled due to Second World War (Montreal had been proposed)
commonwealth-games,1946,Not held due to Second World War
grand-slam-track,2025,"Los Angeles Slam (Drake Stadium, UCLA, scheduled 27-29 June 2025) was cancelled on 12 June 2025, citing the geopolitical climate in LA and the UCLA lease. The season ended after three slams."
international-track-association,1976,"Minneapolis meet (planned for Aug/Sep 1976) cancelled when the ITA folded after the Gresham meet (UPI, 27 Aug 1976, cited by Heyse)."
international-track-association,1976,"Cleveland meet (planned for Aug/Sep 1976) cancelled when the ITA folded (UPI, 27 Aug 1976, cited by Heyse)."
international-track-association,1976,"Boston meet (planned for Aug/Sep 1976) cancelled when the ITA folded (UPI, 27 Aug 1976, cited by Heyse)."
international-track-association,1976,"San Diego and Berkeley stops were planned in an ITA letter of 10 May 1976. No record that either was held, and the 51-meet total is reached without them."
usa-ussr-dual-meet,1960,No meet in the Rome Olympic year; the series ran every year 1958-65 except 1960.
usa-ussr-dual-meet,1966,"The meet scheduled for the LA Coliseum on 23-24 July was cancelled when the USSR withdrew on 10 July, citing Vietnam."
usa-ussr-dual-meet,1967,Series suspended after the 1966 Soviet boycott.
usa-ussr-dual-meet,1968,Series suspended; it resumed in 1969.
usa-ussr-dual-meet,1972,No outdoor meet in the Olympic year (the indoor meet was held in Richmond).
usa-ussr-dual-meet,1978,No indoor meet that year (the outdoor meet was held in Berkeley).
usa-ussr-dual-meet,1979,No outdoor meet: Turrini says no mutually agreeable date was found (the indoor meet was held in Fort Worth).
usa-ussr-dual-meet,1980,No meet (year of the US boycott of the Moscow Olympics). The indoor series had ended after 1979.
usa-ussr-dual-meet,1983,No meet; reason not found (first World Championships year).
usa-ussr-dual-meet,1984,No meet (year of the Soviet boycott of the LA Olympics).
olympic-test-events,1979,Moscow 1980: no standalone test meet found; the 1979 Spartakiad of the Peoples of the USSR (with foreign athletes) at Luzhniki served as the pre-Olympic test and belongs to that series
olympic-test-events,1983,Los Angeles 1984: no athletics test or pre-Olympic meet at the Coliseum found
olympic-test-events,1987,"Seoul 1988: the 1986 Asian Games served as the test. The report lists a 1985 international athletics meet for the stadium opening, not verified"
olympic-test-events,1991,Barcelona 1992: no standalone pre-Olympic meet found; the 1989 IAAF World Cup at Montjuic tested the stadium (separate series)
olympic-test-events,1995,"Atlanta 1996: the stadium opened with the 1996 Atlanta Grand Prix, which is listed separately"
olympic-test-events,2000,"Sydney 2000: the stadium test was the Australian Championships, 24-27 Feb 2000 at Stadium Australia (national championships series)"
olympic-test-events,2004,"Athens 2004: no athletics test event found in the Olympic stadium, which was completed only on 30 July 2004"
olympic-test-events,2016,"Rio 2016: the athletics test event was the 2016 Ibero-American Championships (May 2016), catalogued under that series"
olympic-test-events,2020,Tokyo 2020: the athletics test event was postponed by COVID-19 and held on 9 May 2021
iaaf-grand-prix,1997,"USA Track & Field Grand Prix, Charlotte (GP, 18 May 1997) was on the IAAF Feb-1997 GP calendar but is absent from the June-1997 calendar and the GP results; not held as a GP meeting (reason unattested)."
iaaf-grand-prix,1998,"Brothers Znamensky Memorial, Moscow (GP I, scheduled 7 June 1998): marked 'Meeting cancelled' on the IAAF 1998 GP calendar (May 1998); en.wikipedia says only Russian athletes competed in 1998."
iaaf-grand-prix,1998,"Weltklasse in Köln (GP I, scheduled 31 Jul 1998, earlier 15 Aug) cancelled: the DM 2.4m budget could not be financed (de.wikipedia ASV-Sportfest, citing Der Spiegel 30/1998). Returned in 1999."
iaaf-grand-prix,2000,"Adriaan Paulen Memorial (FBK Games), Hengelo, GP II, 28 May 2000: called off in gale-force winds after the hammer throw, so no track races were run (IAAF/AFP 'Echoes from Hengelo'; the IAAF file shows the hammer only). WA legacy id 6899773."
iaaf-grand-prix,2000,Weltklasse in Köln (GP I in 1999): the 2000 meeting (20 Aug date reserved) was cancelled early in the year and the meeting folded (IAAF/AFP 'Echoes from Hengelo'; en.wikipedia last edition 1999).
iaaf-grand-prix,2000,Doha GP meeting not held in 2000 (en.wikipedia 2000 IAAF Grand Prix); Doha hosted the GP Final on 5 Oct instead.
iaaf-grand-prix-ii,1996,"Shiv Chatrapati meeting, New Delhi (scheduled 28 April 1996 as GP II) - per Wikipedia probably not held; no results found."
iaaf-permit-meetings,1992,IAAF 1992 schedule notes the meeting planned for Barcelona on 3 June 1992 was cancelled. The schedule does not say which tier it belonged to.
iaaf-world-challenge,2019,"Jamaica International Invitational (Kingston, scheduled 4 May 2019) cancelled at the last minute for financial reasons; series ran 8 meetings."
iaaf-world-challenge,2016,Rieti Meeting scheduled 11 Sep 2016 cancelled (financial problems).
iaaf-world-challenge,2017,Rieti Meeting scheduled 3 Sep 2017 not held (meeting folded).
millrose-games,2021,Cancelled due to COVID-19 (WP; millrosegames.org/2021)
city-street-meetings,2019,"Great CityGames Manchester discontinued after 2018 (Athletics Weekly, 14 Mar 2019); Great North CityGames still held."
city-street-meetings,2020,COVID-19: no Great North CityGames or Boston Games.
city-street-meetings,2022,No Boston Games (moved to Atlanta from 2023); no Great CityGames.
asian-championships,1977,Cancelled due to political controversy
asian-championships,1997,Biennial slot skipped; 1995 edition followed by 1998 Fukuoka
asian-championships,2001,Not held; 2000 Jakarta followed by 2002 Colombo
asian-championships,2021,Hangzhou edition (20-23 May) cancelled due to COVID-19
asian-indoor-championships,2020,"9th edition, Hangzhou 12-13 Feb, cancelled due to COVID-19"
asian-indoor-championships,2022,No edition; next held Feb 2023 Astana
asian-indoor-games,2013,4th Asian Indoor and Martial Arts Games (Incheon) held without athletics
asian-games,2022,Hangzhou Games postponed to 23 Sep-8 Oct 2023 due to COVID-19 (listed as 2023 edition).
african-championships,2020,Edition scheduled for Algiers cancelled (COVID-19 pandemic); not on Wikipedia edition list.
african-games,1969,Planned Games in Bamako cancelled (coup in Mali).
african-games,1977,Algiers Games postponed to July 1978.
african-games,1983,Nairobi Games postponed to 1987.
african-games,2023,XIII Games (Accra) delayed to March 2024.
cac-championships,2007,Biennial 2007 edition postponed and held in Cali in July 2008.
south-american-championships,1951,Edition moved to 1952 (Buenos Aires)
south-american-championships,1960,Official edition held 1961 (Lima); unofficial 1959 Sao Paulo
south-american-championships,1973,"Edition held April 1974 (Santiago), then 1975"
south-american-indoor-championships,2021,Not held (biennial cycle / COVID)
south-american-indoor-championships,2023,Not held
oceania-championships,1992,No edition between 1990 and 1994
oceania-championships,2012,No edition between 2010 and 2013
oceania-championships,2021,Port Vila edition cancelled (COVID-19)
european-cup,1966,Biennial/irregular cycle before 1993
european-cup,1968,Not held (Olympic year)
european-cup,1969,Not held; European Championships year
european-cup,1971,Not held; European Championships year
european-cup,1972,Not held (Olympic year)
european-cup,1974,Not held; European Championships year
european-cup,1976,Not held (Olympic year)
european-cup,1978,Not held; biennial in odd years
european-cup,1980,Not held; biennial in odd years
european-cup,1982,Not held; biennial in odd years
european-cup,1984,Not held; biennial in odd years
european-cup,1986,Not held; biennial in odd years
european-cup,1988,Not held; biennial in odd years
european-cup,1990,Not held; biennial in odd years
european-cup,1992,Not held; annual only from 1993
european-indoor-cup,2005,Made biennial from 2006 to alternate with the European Indoor Championships
european-indoor-cup,2007,Biennial; European Indoor Championships year
european-team-championships,2012,European Championships year
european-team-championships,2016,European Championships year
european-team-championships,2018,"Not scheduled (biennial, odd years)"
european-team-championships,2020,"Not scheduled (biennial, odd years)"
european-team-championships,2022,"Not scheduled (biennial, odd years)"
european-team-championships,2024,"Not scheduled (biennial, odd years)"
european-team-championships,2026,Not scheduled; next edition 2027
european-10000m-cup,2020,Postponed to 2021 due to COVID-19
european-10000m-cup,2024,Not held (European Championships year; edition numbering skips from 2023 to 2025)
finnkampen,1926,biennial in early years
finnkampen,1928,biennial in early years
finnkampen,1930,biennial in early years
finnkampen,1932,suspended 1932-1938 after Finnish-Swedish dispute over Nurmi ban
finnkampen,1933,suspended 1932-1938 after Finnish-Swedish dispute over Nurmi ban
finnkampen,1934,suspended 1932-1938 after Finnish-Swedish dispute over Nurmi ban
finnkampen,1935,suspended 1932-1938 after Finnish-Swedish dispute over Nurmi ban
finnkampen,1936,suspended 1932-1938 after Finnish-Swedish dispute over Nurmi ban
finnkampen,1937,suspended 1932-1938 after Finnish-Swedish dispute over Nurmi ban
finnkampen,1938,suspended 1932-1938 after Finnish-Swedish dispute over Nurmi ban
finnkampen,1941,Second World War
finnkampen,1942,Second World War
finnkampen,1943,Second World War
finnkampen,1944,Second World War
finnkampen,1949,cancelled (inställd)
usa-national-team-dual-meets,1966,Poland v USA (Berkeley) cancelled after USSR withdrew from the LA dual meet
europe-vs-americas-match,1968,Olympic year; no match
usatf-outdoor-championships,2020,COVID-19 pandemic; Olympic Trials held June 2021
usatf-outdoor-championships,1934,Women's championships only not held (men's held)
usatf-indoor-championships,1912,not held
usatf-indoor-championships,2021,cancelled (COVID-19 pandemic)
us-olympic-trials,1940,Olympics cancelled (WWII)
us-olympic-trials,1944,Olympics cancelled (WWII)
ncaa-division-i-outdoor,1924,"Not held (Olympic year), per Wikipedia host table"
ncaa-division-i-outdoor,2020,Cancelled due to COVID-19 pandemic
ncaa-division-i-indoor,2020,Cancelled (COVID-19); was to be in Albuquerque.
penn-relays,1917,WWI (per earlier research)
penn-relays,1918,WWI (per earlier research)
penn-relays,2020,COVID-19
penn-relays,2021,COVID-19 (unverified)
drake-relays,2020,"COVID-19; Drake Blue Oval Showcase (WA 7144860, 2020-08-29) held instead"
mt-sac-relays,2020,COVID-19
modesto-relays,2009,"Not held before move to Sacramento (per earlier notes, unverified)"
jamaican-championships,2020,No WA calendar entry; believed cancelled due to COVID-19 (unverified)
kenyan-trials,2019,Merged with national championships (WA 7135133)
kenyan-trials,2026,Merged with national championships (WA 7241942)
aaa-championships,1915,World War I
aaa-championships,1916,World War I
aaa-championships,1917,World War I
aaa-championships,1918,World War I
aaa-championships,1940,World War II
aaa-championships,1941,World War II
aaa-championships,1942,World War II
aaa-championships,1943,World War II
aaa-championships,1944,World War II
aaa-championships,1945,World War II
ussr-championships,1921,no championships
ussr-championships,1925,no championships
ussr-championships,1926,no championships
ussr-championships,1929,no championships
ussr-championships,1930,no championships
ussr-championships,1932,no championships
ussr-championships,1933,no championships
ussr-championships,1941,war
ussr-championships,1942,war
russian-championships,1917,"No Russian national championships 1917-1991 (revolution, then Soviet era with USSR/RSFSR championships); applies to every year 1917-1991"
chinese-national-games,1969,No Games 1966-1974 (Cultural Revolution); quadrennial gap
iaaf-grand-prix,2002,"Meeting Nikaïa (Nice), a GP I meeting in 2001, was not held in 2002 (meeting folded for financial reasons) and dropped from the circuit; no other 2001-02 GP meeting known cancelled."
