series,from_year,to_year,events,usual_rounds,source
iaaf-world-championships-1976-1980,1976,1976,,Men's 50 km walk only (road); no in-scope track events,https://en.wikipedia.org/wiki/1976_World_Championships_in_Athletics
iaaf-world-championships-1976-1980,1980,1980,3000m-women 400mh-women,"400mh: heats (4), semis (2), A and B finals; 3000m: heats (2), final",https://en.wikipedia.org/wiki/1980_World_Championships_in_Athletics
world-indoor-championships,1985,1985,60m-men 200m-men 400m-men 800m-men 1500m-men 3000m-men 60mh-men 60m-women 200m-women 400m-women 800m-women 1500m-women 3000m-women 60mh-women,"Men 60m/200m/400m/60mH: heats, semis, final; men 800m/1500m/3000m: heats, final; women 60m/60mH: heats, semis, final; women 200m: heats, final; women 400m/800m/1500m/3000m: final only",https://en.wikipedia.org/wiki/1985_IAAF_World_Indoor_Games
world-indoor-championships,1987,2004,60m-men 200m-men 400m-men 800m-men 1500m-men 3000m-men 60mh-men 60m-women 200m-women 400m-women 800m-women 1500m-women 3000m-women 60mh-women,"Sprints and hurdles: heats, semis, final; 800m/1500m/3000m: heats, final (some editions added 800m semis); exact rounds vary by edition and are held by WA",https://en.wikipedia.org/wiki/World_Athletics_Indoor_Championships
world-indoor-championships,2006,2026,60m-men 400m-men 800m-men 1500m-men 3000m-men 60mh-men 60m-women 400m-women 800m-women 1500m-women 3000m-women 60mh-women,"200m removed after 2004. 60m/60mH: heats, semis, final; 400m/800m: heats, (semis), final; 1500m: heats, final; 3000m: heats or straight final; varies by edition, WA holds race data",https://en.wikipedia.org/wiki/World_Athletics_Indoor_Championships
world-cup,1977,1977,100m-men 200m-men 400m-men 800m-men 1500m-men 5000m-men 10000m-men 110mh-men 400mh-men 3000msc-men 100m-women 200m-women 400m-women 800m-women 1500m-women 3000m-women 100mh-women,"all events: final only (one race; one athlete per team, 8-9 runners)",http://www.gbrathletics.com/ic/wp.htm
world-cup,1979,1981,100m-men 200m-men 400m-men 800m-men 1500m-men 5000m-men 10000m-men 110mh-men 400mh-men 3000msc-men 100m-women 200m-women 400m-women 800m-women 1500m-women 3000m-women 100mh-women 400mh-women,"all events: final only (one race; one athlete per team, 8-9 runners)",http://www.gbrathletics.com/ic/wp.htm
world-cup,1985,1994,100m-men 200m-men 400m-men 800m-men 1500m-men 5000m-men 10000m-men 110mh-men 400mh-men 3000msc-men 100m-women 200m-women 400m-women 800m-women 1500m-women 3000m-women 100mh-women 400mh-women 10000m-women,"all events: final only (one race; one athlete per team, 8-9 runners)",http://www.gbrathletics.com/ic/wp.htm
athletics-world-cup-london-2018,2018,2018,100m-men 200m-men 400m-men 800m-men 1500m-men 110mh-men 400mh-men 100m-women 200m-women 400m-women 800m-women 1500m-women 100mh-women 400mh-women,"all events: single straight final (8 nations, one entrant each)",https://en.wikipedia.org/wiki/2018_Athletics_World_Cup
iaaf-grand-prix-final,1985,1985,200m-men 400m-men 1500m-men 5000m-men 110mh-men 100m-women 800m-women 3000m-women 400mh-women,"one-day meeting: a single final per event, no heats; event groups alternate odd/even years",https://en.wikipedia.org/wiki/1985_IAAF_Grand_Prix_Final
iaaf-grand-prix-final,1986,1986,100m-men 800m-men mile-men 5000m-men 3000msc-men 400mh-men 200m-women 400m-women 1500m-women 5000m-women 100mh-women,"one-day meeting: a single final per event, no heats; event groups alternate odd/even years",https://en.wikipedia.org/wiki/1986_IAAF_Grand_Prix_Final
iaaf-grand-prix-final,1987,1987,200m-men 400m-men 1500m-men 5000m-men 110mh-men 100m-women 800m-women mile-women 3000m-women 400mh-women,"one-day meeting: a single final per event, no heats; event groups alternate odd/even years",https://en.wikipedia.org/wiki/1987_IAAF_Grand_Prix_Final
iaaf-grand-prix-final,1988,1988,100m-men 800m-men mile-men 5000m-men 3000msc-men 400mh-men 200m-women 400m-women 1500m-women 5000m-women 100mh-women,"one-day meeting: a single final per event, no heats; event groups alternate odd/even years",https://en.wikipedia.org/wiki/1988_IAAF_Grand_Prix_Final
iaaf-grand-prix-final,1989,1989,200m-men 400m-men 1500m-men 5000m-men 110mh-men 100m-women 800m-women mile-women 3000m-women 400mh-women,"one-day meeting: a single final per event, no heats; event groups alternate odd/even years",https://en.wikipedia.org/wiki/1989_IAAF_Grand_Prix_Final
iaaf-grand-prix-final,1990,1990,100m-men 800m-men mile-men 5000m-men 3000msc-men 400mh-men 200m-women 400m-women 1500m-women 5000m-women 100mh-women,"one-day meeting: a single final per event, no heats; event groups alternate odd/even years",https://en.wikipedia.org/wiki/1990_IAAF_Grand_Prix_Final
iaaf-grand-prix-final,1991,1991,200m-men 400m-men 1500m-men 5000m-men 3000msc-men 110mh-men 100m-women 800m-women mile-women 3000m-women 400mh-women,"one-day meeting: a single final per event, no heats; event groups alternate odd/even years",https://en.wikipedia.org/wiki/1991_IAAF_Grand_Prix_Final
iaaf-grand-prix-final,1992,1992,100m-men 800m-men mile-men 5000m-men 400mh-men 200m-women 400m-women 1500m-women 5000m-women 100mh-women,"one-day meeting: a single final per event, no heats; event groups alternate odd/even years",https://en.wikipedia.org/wiki/1992_IAAF_Grand_Prix_Final
iaaf-grand-prix-final,1993,1993,200m-men 400m-men 1500m-men 5000m-men 3000msc-men 110mh-men 100m-women 800m-women mile-women 3000m-women 400mh-women,"one-day meeting: a single final per event, no heats; event groups alternate odd/even years",https://en.wikipedia.org/wiki/1993_IAAF_Grand_Prix_Final
iaaf-grand-prix-final,1994,1994,100m-men 400m-men 1500m-men 5000m-men 400mh-men 100m-women 400m-women 1500m-women 5000m-women 100mh-women,"one-day meeting: a single final per event, no heats; event groups alternate odd/even years",https://en.wikipedia.org/wiki/1994_IAAF_Grand_Prix_Final
iaaf-grand-prix-final,1995,1995,200m-men 800m-men 3000m-men 3000msc-men 110mh-men 200m-women 800m-women 3000m-women 400mh-women,"one-day meeting: a single final per event, no heats; event groups alternate odd/even years",https://en.wikipedia.org/wiki/1995_IAAF_Grand_Prix_Final
iaaf-grand-prix-final,1996,1996,100m-men 400m-men 1500m-men 5000m-men 400mh-men 100m-women 400m-women 1500m-women 5000m-women 100mh-women,"one-day meeting: a single final per event, no heats; event groups alternate odd/even years",https://en.wikipedia.org/wiki/1996_IAAF_Grand_Prix_Final
iaaf-grand-prix-final,1997,1997,200m-men 800m-men mile-men 5000m-men 3000msc-men 110mh-men 400mh-men 200m-women 800m-women mile-women 5000m-women 100mh-women 400mh-women,"one-day meeting: a single final per event, no heats; event groups alternate odd/even years",https://web.archive.org/web/19981207071904/http://www.iaaf.org/gpfinal97/Results/timetable.html
iaaf-grand-prix-final,1998,1998,100m-men 400m-men 1500m-men 3000m-men 400mh-men 100m-women 400m-women 1500m-women 3000m-women 100mh-women,"one-day meeting: a single final per event, no heats; event groups alternate odd/even years",https://web.archive.org/web/20000130183808/http://www.iaaf.org/gpf98/about/Timetable.asp?Page=Timetable
iaaf-grand-prix-final,1999,1999,200m-men 800m-men 1500m-men 3000m-men 3000msc-men 110mh-men 200m-women 800m-women 1500m-women 3000m-women 400mh-women,"one-day meeting: a single final per event, no heats; event groups alternate odd/even years",https://web.archive.org/web/20000531151310/http://www.iaaf.org/gp99/GPFMnchen/Results/Mnchen.txt
iaaf-grand-prix-final,2000,2000,100m-men 400m-men 1500m-men 3000m-men 400mh-men 100m-women 400m-women 1500m-women 3000m-women 100mh-women,"one-day meeting: a single final per event, no heats; event groups alternate odd/even years",https://web.archive.org/web/20010724092248/http://www.iaaf.org/gp00/gpfdoha/Results/Doha.txt
goodwill-games,1986,1986,100m-men 200m-men 400m-men 800m-men 1500m-men 5000m-men 10000m-men 110mh-men 400mh-men 3000msc-men 100m-women 200m-women 400m-women 800m-women 1500m-women 3000m-women 5000m-women 100mh-women 400mh-women,Invitational: no qualifying rounds; many events split into 2-3 timed final sections with medals on times; women's 100mh heats + final,http://www.gbrathletics.com/ic/gg.htm
goodwill-games,1990,1990,100m-men 200m-men 400m-men 800m-men 1500m-men 5000m-men 10000m-men 110mh-men 400mh-men 3000msc-men 100m-women 200m-women 400m-women 800m-women 1500m-women 3000m-women 5000m-women 10000m-women 100mh-women 400mh-women,all events: single straight final,http://www.gbrathletics.com/ic/gg.htm
goodwill-games,1994,1994,100m-men 200m-men 400m-men 800m-men mile-men 5000m-men 10000m-men 110mh-men 400mh-men 3000msc-men 100m-women 200m-women 400m-women 800m-women 1500m-women 3000m-women 5000m-women 10000m-women 100mh-women 400mh-women 2000msc-women,all events: single straight final,http://www.gbrathletics.com/ic/gg.htm
goodwill-games,1998,2001,100m-men 200m-men 400m-men 800m-men mile-men 5000m-men 10000m-men 110mh-men 400mh-men 3000msc-men 100m-women 200m-women 400m-women 800m-women mile-women 5000m-women 10000m-women 100mh-women 400mh-women 3000msc-women,all events: single straight final,http://www.gbrathletics.com/ic/gg.htm
friendship-games-1984,1984,1984,100m-men 200m-men 400m-men 800m-men 1500m-men 5000m-men 10000m-men 110mh-men 400mh-men 3000msc-men 100m-women 200m-women 400m-women 800m-women 1500m-women 3000m-women 100mh-women 400mh-women,"Men: 100m, 200m, 800m, 110mh and 400mh had heats and a final; 1500m and longer were final only. Women: 100m, 200m, 400m and 100mh had heats and then A and B finals; 400mh had heats and a final; 800m was a timed final in 2 sections; 1500m and 3000m were final only.",https://en.wikipedia.org/wiki/Athletics_at_the_Friendship_Games
liberty-bell-classic-1980,1980,1980,100m-men 200m-men 400m-men 800m-men 1500m-men 5000m-men 110mh-men 400mh-men 100m-women 200m-women 400m-women 800m-women 1500m-women 100mh-women,"men's 100/200/400m and women's 100/200m: heats (16 Jul), final (17 Jul); all other individual track events: final only",https://en.wikipedia.org/wiki/Liberty_Bell_Classic_%E2%80%93_Results
commonwealth-games,1930,1930,100y-men 220y-men 440y-men 880y-men mile-men 3-miles-men 6-miles-men 120yh-men 440yh-men 2-milessc-men,"100y-880y and hurdles: heats, final; mile, 3 & 6 miles, 2 miles steeplechase: final only",https://en.wikipedia.org/wiki/Athletics_at_the_1930_British_Empire_Games
commonwealth-games,1934,1934,100y-men 220y-men 440y-men 880y-men mile-men 3-miles-men 6-miles-men 120yh-men 440yh-men 2-milessc-men 100y-women 220y-women 880y-women 80mh-women,"men 100y-440y: heats, semis, final; 880y, mile, hurdles, women's sprints/80mh: heats, final; 880y women, 3 & 6 miles, steeplechase: final only",https://en.wikipedia.org/wiki/Athletics_at_the_1934_British_Empire_Games
commonwealth-games,1938,1958,100y-men 220y-men 440y-men 880y-men mile-men 3-miles-men 6-miles-men 120yh-men 440yh-men 100y-women 220y-women 80mh-women,"100y-440y: heats, semis, final (1958 men's sprints added quarter-finals); 880y, mile, hurdles: heats, final; 3 & 6 miles: final only. 1938 also had an invitation 220yh-men",https://en.wikipedia.org/wiki/Athletics_at_the_1938_British_Empire_Games
commonwealth-games,1962,1962,100y-men 220y-men 440y-men 880y-men mile-men 3-miles-men 6-miles-men 120yh-men 440yh-men 3000msc-men 100y-women 220y-women 880y-women 80mh-women,"men 100y/220y: heats, round 2, semis, final; 440y/880y: heats, semis, final; mile, hurdles: heats, final; 3 & 6 miles, steeplechase, women 880y: final only",https://en.wikipedia.org/wiki/Athletics_at_the_1962_British_Empire_and_Commonwealth_Games
commonwealth-games,1966,1966,100y-men 220y-men 440y-men 880y-men mile-men 3-miles-men 6-miles-men 120yh-men 440yh-men 3000msc-men 100y-women 220y-women 440y-women 880y-women 80mh-women,"men 100y/220y: heats, QF, semis, final; 440y/880y and women's 100y/220y: heats, semis, final; mile, hurdles, women 440y/880y: heats, final; 3 & 6 miles, steeplechase: final only",https://en.wikipedia.org/wiki/Athletics_at_the_1966_British_Empire_and_Commonwealth_Games
commonwealth-games,1970,1974,100m-men 200m-men 400m-men 800m-men 1500m-men 5000m-men 10000m-men 110mh-men 400mh-men 3000msc-men 100m-women 200m-women 400m-women 800m-women 1500m-women 100mh-women,"men 100m-400m: heats, (QF 1970), semis, final; 800m: heats, semis, final; 1500m, 5000m, hurdles: heats, final; 10000m: final only",https://en.wikipedia.org/wiki/Athletics_at_the_1970_British_Commonwealth_Games
commonwealth-games,1978,1978,100m-men 200m-men 400m-men 800m-men 1500m-men 5000m-men 10000m-men 110mh-men 400mh-men 3000msc-men 100m-women 200m-women 400m-women 800m-women 1500m-women 100mh-women 3000m-women,"men 100m-400m: heats, QF, semis, final; 800m: heats, semis, final; 1500m, 5000m, hurdles, steeple: heats, final; 10000m, women 3000m: final only",https://en.wikipedia.org/wiki/Athletics_at_the_1978_Commonwealth_Games
commonwealth-games,1982,1982,100m-men 200m-men 400m-men 800m-men 1500m-men 5000m-men 10000m-men 110mh-men 400mh-men 3000msc-men 100m-women 200m-women 400m-women 800m-women 1500m-women 100mh-women 3000m-women 400mh-women,"men 100m-400m: heats, QF, semis, final; 800m: heats, semis, final; 1500m, hurdles: heats, final; 5000m+, steeple, women 3000m: final only",https://en.wikipedia.org/wiki/Athletics_at_the_1982_Commonwealth_Games
commonwealth-games,1986,1994,100m-men 200m-men 400m-men 800m-men 1500m-men 5000m-men 10000m-men 110mh-men 400mh-men 3000msc-men 100m-women 200m-women 400m-women 800m-women 1500m-women 100mh-women 3000m-women 400mh-women 10000m-women,"men 100m-400m: heats, QF (1990-94), semis, final; 800m: heats, semis, final; 1500m, hurdles: heats, final; 5000m men: heats, final (1990-94); 10000m, steeple, 3000m: final only",https://en.wikipedia.org/wiki/Athletics_at_the_1986_Commonwealth_Games
commonwealth-games,1998,2002,100m-men 200m-men 400m-men 800m-men 1500m-men 5000m-men 10000m-men 110mh-men 400mh-men 3000msc-men 100m-women 200m-women 400m-women 800m-women 1500m-women 100mh-women 5000m-women 400mh-women 10000m-women,"men 100m-400m: heats, QF, semis, final; 800m: heats, semis, final; 1500m, hurdles: heats, final; 5000m, 10000m, steeple: final only (5000m men heats 1998)",https://en.wikipedia.org/wiki/Athletics_at_the_1998_Commonwealth_Games
commonwealth-games,2006,2022,100m-men 200m-men 400m-men 800m-men 1500m-men 5000m-men 10000m-men 110mh-men 400mh-men 3000msc-men 100m-women 200m-women 400m-women 800m-women 1500m-women 100mh-women 5000m-women 400mh-women 10000m-women 3000msc-women,"100m-400m: heats, (QF men 2006-10), semis, final; 800m: heats, (semis), final; 1500m, hurdles: heats, final; 5000m, 10000m, steeple: final only",https://en.wikipedia.org/wiki/Athletics_at_the_2006_Commonwealth_Games
commonwealth-games,2026,2026,100m-men 200m-men 400m-men 800m-men 5000m-men 10000m-men 110mh-men 400mh-men 3000msc-men mile-men 100m-women 200m-women 400m-women 800m-women 100mh-women mile-women 5000m-women 400mh-women 10000m-women 3000msc-women,"100m-400m: heats, semis, final; 800m: heats, semis, final; mile, hurdles: heats, final; 5000m, 10000m, steeple: final only",WA competition 7187518
festival-of-empire-1911,1911,1911,100y-men 220y-men 880y-men mile-men 120yh-men,"all events: final only (one entrant per team, at most 4 starters)",http://www.gbrathletics.com/commonwealth/
inter-allied-games-1919,1919,1919,100m-men 200m-men 400m-men 800m-men 1500m-men 110mh-men 200mh-men,"100m: 5 heats, 2 semis, final; 200m and 400m: 5 heats, 3 semis, final; 800m: 3 heats, final; 1500m: 2 heats, final; 110mH and 200mH: 3 heats, final",https://archive.org/details/cu31924014114353
womens-world-games,1922,1922,60m-women 100y-women 300m-women 1000m-women 100yh-women,"60m, 100y, 300m, 100yH: 2 heats + final; 1000m: final only",https://en.wikipedia.org/wiki/1922_Women%27s_World_Games
womens-world-games,1926,1926,60m-women 100y-women 250m-women 1000m-women 100yh-women,"60m, 100y, 250m: 3 heats + final; 100yH: 2 heats + final; 1000m: final only",https://en.wikipedia.org/wiki/1926_Women%27s_World_Games
womens-world-games,1930,1934,60m-women 100m-women 200m-women 800m-women 80mh-women,"60m-200m: heats (5-6), semis (2-3), final; 80mH: 4 heats, semis, final; 800m: 2 semis + final",http://www.gbrathletics.com/ic/fsfi.htm
womens-olympiad-monte-carlo,1921,1922,60m-women 250m-women 800m-women 74mh-women,"60m: heats (1921 also semis) and final; 250m, 800m, hurdles: final (any earlier rounds unknown)",https://gallica.bnf.fr/ark:/12148/btv1b530784159
womens-olympiad-monte-carlo,1923,1923,60m-women 250m-women 800m-women 65mh-women,final known for each event; preliminary rounds unknown,https://en.wikipedia.org/wiki/1923_Women%27s_Olympiad
womens-olympiad-monte-carlo,1924,1924,100y-women 250m-women 1000m-women 120yh-women,120yh: heats and final; others: final (100y heats likely but unverified),https://en.wikipedia.org/wiki/1924_Women%27s_Olympiad
olympics-of-grace-1931,1931,1931,60m-women 100m-women 200m-women 80mh-women,"60m: heats (4), semis (2), final; 100m: heats (6), semis (3), final; 200m: semis (2), final; 80mh: semis (3), final",https://simple.wikipedia.org/wiki/Athletics_at_the_Olympics_of_Grace
spartakiad-of-the-peoples-of-the-ussr,1956,1956,100m-men 200m-men 400m-men 800m-men 1500m-men 5000m-men 10000m-men 3000msc-men 110mh-men 400mh-men 100m-women 200m-women 400m-women 800m-women 80mh-women,Not attested in sources consulted (medallist tables only).,https://ru.wikipedia.org/wiki/Лёгкая_атлетика_на_летней_Спартакиаде_народов_СССР_1956
spartakiad-of-the-peoples-of-the-ussr,1959,1959,100m-men 200m-men 400m-men 800m-men 1500m-men 5000m-men 10000m-men 3000msc-men 110mh-men 200mh-men 400mh-men 100m-women 200m-women 400m-women 800m-women 80mh-women,Not attested in sources consulted.,https://ru.wikipedia.org/wiki/Лёгкая_атлетика_на_летней_Спартакиаде_народов_СССР_1959
spartakiad-of-the-peoples-of-the-ussr,1963,1963,100m-men 200m-men 400m-men 800m-men 1500m-men 5000m-men 10000m-men 3000msc-men 110mh-men 200mh-men 400mh-men 100m-women 200m-women 400m-women 800m-women 80mh-women 100mh-women,Not attested in sources consulted.,https://ru.wikipedia.org/wiki/Лёгкая_атлетика_на_летней_Спартакиаде_народов_СССР_1963
spartakiad-of-the-peoples-of-the-ussr,1967,1967,100m-men 200m-men 400m-men 800m-men 1500m-men 5000m-men 10000m-men 3000msc-men 110mh-men 200mh-men 400mh-men 100m-women 200m-women 400m-women 800m-women 1500m-women 80mh-women 100mh-women 200mh-women,Not attested in sources consulted.,https://ru.wikipedia.org/wiki/Лёгкая_атлетика_на_летней_Спартакиаде_народов_СССР_1967
spartakiad-of-the-peoples-of-the-ussr,1971,1971,100m-men 200m-men 400m-men 800m-men 1500m-men 5000m-men 10000m-men 3000msc-men 110mh-men 200mh-men 400mh-men 100m-women 200m-women 400m-women 800m-women 1500m-women 100mh-women 200mh-women,Not attested in sources consulted.,https://ru.wikipedia.org/wiki/Лёгкая_атлетика_на_летней_Спартакиаде_народов_СССР_1971
spartakiad-of-the-peoples-of-the-ussr,1975,1975,100m-men 200m-men 400m-men 800m-men 1500m-men 5000m-men 10000m-men 3000msc-men 110mh-men 400mh-men 100m-women 200m-women 400m-women 800m-women 1500m-women 3000m-women 100mh-women,Not attested in sources consulted.,https://ru.wikipedia.org/wiki/Лёгкая_атлетика_на_летней_Спартакиаде_народов_СССР_1975
spartakiad-of-the-peoples-of-the-ussr,1979,1983,100m-men 200m-men 400m-men 800m-men 1500m-men 5000m-men 10000m-men 3000msc-men 110mh-men 400mh-men 100m-women 200m-women 400m-women 800m-women 1500m-women 3000m-women 100mh-women 400mh-women,Mostly not attested; 1979 women's 400m ran semi-finals before the final (ru.wikipedia).,https://ru.wikipedia.org/wiki/Лёгкая_атлетика_на_летней_Спартакиаде_народов_СССР_1979
spartakiad-of-the-peoples-of-the-ussr,1986,1991,100m-men 200m-men 400m-men 800m-men 1500m-men 5000m-men 10000m-men 3000msc-men 110mh-men 400mh-men 100m-women 200m-women 400m-women 800m-women 1500m-women 3000m-women 10000m-women 100mh-women 400mh-women,Not attested in sources consulted.,https://ru.wikipedia.org/wiki/Лёгкая_атлетика_на_летней_Спартакиаде_народов_СССР_1991
pacific-conference-games,1969,1973,100m-men 200m-men 400m-men 800m-men 1500m-men 5000m-men 10000m-men 110mh-men 400mh-men 3000msc-men 100m-women 200m-women 400m-women 800m-women 1500m-women 100mh-women,"100m-400m: 2 heats + final; 100mh-women heats + final; 800m and 110mh 2 heats + final in 1973 only; 1500m+, 400mh, steeple: final only",http://www.gbrathletics.com/ic/pcg.htm
pacific-conference-games,1977,1977,100m-men 200m-men 400m-men 800m-men 1500m-men 5000m-men 10000m-men 110mh-men 400mh-men 3000msc-men 100m-women 200m-women 400m-women 800m-women 1500m-women 100mh-women 400mh-women,100m-400m (both sexes): 2 heats + final; all other events final only,https://trackandfieldnews.com/wp-content/uploads/2020/09/eTN1977_20.pdf
pacific-conference-games,1981,1985,100m-men 200m-men 400m-men 800m-men 1500m-men 5000m-men 10000m-men 110mh-men 400mh-men 3000msc-men 100m-women 200m-women 400m-women 800m-women 1500m-women 3000m-women 100mh-women 400mh-women,"100m-400m: 2 heats + final (1985: men's 400 and women's 200 straight finals); 800m and above, hurdles, steeple: final only",https://trackandfieldnews.com/wp-content/uploads/2020/09/eTN1981_02.pdf
enhanced-games,2026,2026,100m-men 100m-women,100m: straight final only (six-lane track),https://runningmagazine.ca/the-scene/enhanced-games-to-debut-on-sunday-heres-what-you-need-to-know/
grand-slam-track,2025,2025,100m-men 200m-men 400m-men 800m-men 1500m-men 3000m-men 5000m-men 110mh-men 400mh-men 100m-women 200m-women 400m-women 800m-women 1500m-women 3000m-women 5000m-women 100mh-women 400mh-women,"All races are finals only (8-athlete fields). 100m, 200m and 400m have two finals each per sex: short sprints 100/200, long sprints 200/400, short hurdles 100H or 110H plus 100m, long hurdles 400H plus 400m. Short distance runs 800/1500, long distance 3000/5000 (Philadelphia: 3000m only).",https://en.wikipedia.org/wiki/2025_Grand_Slam_Track
international-track-association,1973,1973,60y-men 440y-men 500y-men 880y-men 1000y-men mile-men 2-miles-men 60yh-men 60y-women,"Not a fixed scoring list; distances varied with the track (50y/60y/70y/100m dash, 500y/500m/600m, 1000y/1000m). Dash and hurdles sometimes had 2 heats plus a final; everything else was a single final.",https://trackandfieldnews.com/wp-content/uploads/2020/09/eTN1973_vol19_11.pdf
international-track-association,1974,1974,60y-men 300y-men 440y-men 880y-men 1000y-men mile-men 2-miles-men 60yh-men 60y-women,Indoor core as listed. Outdoor meets ran 100y/220y/440y/880y/mile/2M/120yh plus women's 100y; Tokyo was metric. Single finals.,https://trackandfieldnews.com/wp-content/uploads/2020/09/eTN1974_vol20_06.pdf
international-track-association,1975,1976,60y-men 440y-men 880y-men 1000y-men mile-men 2-miles-men 60yh-men 60y-women,"Indoor core as listed. Outdoor meets ran 100y (or 100m), 440y, 880y, mile, 2M, 120yh, 330yh/300mh plus women's 100y; the UK meets were mostly metric. Single finals.",https://trackandfieldnews.com/wp-content/uploads/2020/09/eTN1975_03.pdf
usa-ussr-dual-meet,1958,1965,100m-men 200m-men 400m-men 800m-men 1500m-men 5000m-men 10000m-men 110mh-men 400mh-men 3000msc-men 100m-women 200m-women 800m-women 80mh-women,"all events: one final (2 per nation, sometimes extra non-scoring runners); no heats",https://en.wikipedia.org/wiki/1958_USA%E2%80%93USSR_Track_and_Field_Dual_Meet
usa-ussr-dual-meet,1969,1973,100m-men 200m-men 400m-men 800m-men 1500m-men 5000m-men 10000m-men 110mh-men 400mh-men 3000msc-men 100m-women 200m-women 400m-women 800m-women 1500m-women 100mh-women,"all events: one final (2 per nation, plus 2 Commonwealth athletes in 1969 and some non-scoring runners); no heats",https://ru.wikipedia.org/wiki/Матч_СССР_—_США_по_лёгкой_атлетике_1970
usa-ussr-dual-meet,1974,1976,100m-men 200m-men 400m-men 800m-men 1500m-men 5000m-men 10000m-men 110mh-men 400mh-men 3000msc-men 100m-women 200m-women 400m-women 800m-women 1500m-women 3000m-women 100mh-women,all events: one final; no heats,https://trackandfieldnews.com/wp-content/uploads/2020/09/eTN1976_17.pdf
usa-ussr-dual-meet,1977,1984,100m-men 200m-men 400m-men 800m-men 1500m-men 5000m-men 10000m-men 110mh-men 400mh-men 3000msc-men 100m-women 200m-women 400m-women 800m-women 1500m-women 3000m-women 100mh-women 400mh-women,all events: one final; no heats (1978 had no women's 400mh; that edition lists its events),https://trackandfieldnews.com/wp-content/uploads/2020/09/eTN1981_14_DN_Galan_Bislett_G.pdf
usa-ussr-dual-meet,1985,1985,100m-men 200m-men 400m-men 800m-men 1500m-men 5000m-men 10000m-men 110mh-men 400mh-men 3000msc-men 100m-women 200m-women 400m-women 800m-women 1500m-women 3000m-women 10000m-women 100mh-women 400mh-women,"all events: one final with 3 teams (USA, USSR, Japan); no heats",https://trackandfieldnews.com/wp-content/uploads/2020/09/eTN1985_19_World_Cup.pdf
iaaf-golden-events,1978,1982,mile-men 100m-men 200m-men 5000m-men 10000m-men,"No fixed programme: 1-4 one-off men's events a year, each one race inside a host meeting. Mile, 5000m, 10000m: one final. Golden Sprints: one 100m and one 200m race, times added together.",http://www.gbrathletics.com/ic/gp.htm
olympic-test-events,1965,1967,100m-men 200m-men 400m-men 800m-men 1500m-men 5000m-men 10000m-men 3000msc-men 110mh-men 400mh-men 100m-women 200m-women 400m-women 800m-women 80mh-women,"Mexico pre-Olympic weeks: 100m-1500m heats + final (1967 also 5000m heats); 10000m, steeple and hurdles final only; women's 100-800m heats + final, 80mh final",https://athleticsweekly.com/wp-content/uploads/securepdfs/2025/06/Oct-28-1967-Vol-21-No-43.pdf
olympic-test-events,1971,1975,100m-men 200m-men 400m-men 800m-men 1500m-men 5000m-men 10000m-men 3000msc-men 110mh-men 400mh-men 100m-women 200m-women 400m-women 800m-women 1500m-women 100mh-women,"Munich 1971: men's 100m-400m heats, semis, final; 800m/1500m heats + final; hurdles heats + final; 5000m, 10000m, steeple final only; women's 100m-800m and 100mh heats + final, 1500m final",https://athleticsweekly.com/wp-content/uploads/securepdfs/2025/06/Sept-11-1971-Vol-25-No-37.pdf
olympic-test-events,2008,2024,100m-men 200m-men 400m-men 800m-men 1500m-men 5000m-men 10000m-men 3000msc-men 110mh-men 400mh-men 100m-women 200m-women 400m-women 800m-women 1500m-women 5000m-women 10000m-women 3000msc-women 100mh-women 400mh-women,"Multi-day test meets (2008, 2012): heats + finals in sprints, distance finals only; one-day test events (2021, 2024): mostly single finals",https://worldathletics.org/news/preview/liu-ready-to-test-olympic-venue-good-luck-b
exhibition-record-attempts,2020,2020,5000m-women 10000m-men,single record-attempt race per event (final only),https://www.flotrack.org/results/6790751-2020-nn-valencia-world-record-day/28169
exhibition-record-attempts,2025,2025,mile-women,single race (final only),https://trackandfieldnews.com/breaking4-kipyegon-runs-406-in-moonshot/
iaaf-grand-prix,1985,1985,200m-men 400m-men 1500m-men 5000m-men 110mh-men 100m-women 800m-women 3000m-women 400mh-women,"GP scoring groups (Final events); meetings scored nearby distances in a group: mile as 1500, 3000/10000 as 5000 (men); 1500/mile/5000/10000 as 3000 (women). One final per event, A/B races common; Final 110H heats + final.",https://trackandfieldnews.com/wp-content/uploads/2020/09/eTN1985_17_EuroJr_GP_Final.pdf
iaaf-grand-prix,1986,1986,100m-men 800m-men mile-men 5000m-men 3000msc-men 400mh-men 200m-women 400m-women 1500m-women 5000m-women 100mh-women,"Even-year GP group (Final events); meetings also scored 1000/1500/2000 (men) as mile, 3000/10000 as 5000, women's mile/2000 as 1500 and 3000/10000 as 5000. One final per event; 100/100H heats at some meetings and the Final.",https://trackandfieldnews.com/wp-content/uploads/2020/09/eTN1986_21.pdf
iaaf-grand-prix,1987,1987,200m-men 400m-men 1500m-men 5000m-men 110mh-men 100m-women 800m-women mile-women 3000m-women 400mh-women,"One-day meetings: one final per event, A/B races at some; each meeting staged only part of the GP list. 4 N. American meets shared these events in 1987.",https://en.wikipedia.org/wiki/1987_IAAF_Grand_Prix_Final
iaaf-grand-prix,1988,1988,100m-men 800m-men mile-men 5000m-men 3000msc-men 400mh-men 200m-women 400m-women 1500m-women 5000m-women 100mh-women,"One-day meetings: one final per event, A/B races at some; each meeting staged only part of the GP list. GP event groups alternated odd/even years (gbrathletics).",https://en.wikipedia.org/wiki/1988_IAAF_Grand_Prix_Final
iaaf-grand-prix,1989,1989,200m-men 400m-men 1500m-men mile-men 5000m-men 110mh-men 100m-women 800m-women 1500m-women mile-women 3000m-women 400mh-women,"one-day meetings: one final per event, A/B races at some (Zürich, Lausanne, Rome); 1500m and mile appear interchangeably for the 1500m scoring event",https://en.wikipedia.org/wiki/1989_IAAF_Grand_Prix_Final
iaaf-grand-prix,1990,1990,100m-men 800m-men 1500m-men mile-men 5000m-men 3000msc-men 400mh-men 200m-women 400m-women 1500m-women mile-women 5000m-women 100mh-women,"one-day meetings: one final per event, A/B (sometimes C) races at some meetings; 1500m and mile appear interchangeably for the 1500m scoring event",https://en.wikipedia.org/wiki/1990_IAAF_Grand_Prix_Final
iaaf-grand-prix,1991,1991,200m-men 400m-men 1500m-men 5000m-men 3000msc-men 110mh-men 100m-women 800m-women mile-women 3000m-women 400mh-women,"one-day meetings: one final per event; leading meetings (Zürich, Lausanne, Rome) added B races; each meeting staged only part of the GP event list; 1500 m and mile raced interchangeably",https://en.wikipedia.org/wiki/1991_IAAF_Grand_Prix_Final
iaaf-grand-prix,1992,1992,100m-men 800m-men mile-men 5000m-men 400mh-men 200m-women 400m-women 1500m-women 5000m-women 100mh-women,"one-day meetings: one final per event, with B races at Zürich, Lausanne, Köln and others; heats rare (London 110mh); 1500 m and mile raced interchangeably",https://en.wikipedia.org/wiki/1992_IAAF_Grand_Prix_Final
iaaf-grand-prix,1993,1993,200m-men 400m-men 1500m-men 5000m-men 3000msc-men 110mh-men 100m-women 800m-women 1500m-women 3000m-women 400mh-women,"One-day meetings: one final per event. Big meetings sometimes ran A/B (or C) races, and a few had 100m/110mH heats and a final. A mile counted as the 1500m (the women's GP Final race was a mile).",https://en.wikipedia.org/wiki/1993_IAAF_Grand_Prix_Final
iaaf-grand-prix,1994,1994,100m-men 400m-men 1500m-men 5000m-men 400mh-men 100m-women 400m-women 1500m-women 5000m-women 100mh-women,"One-day meetings: one final per event. Big meetings sometimes ran A/B (or C) races, and a few had 100m/110mH heats and a final. A mile counted as the 1500m.",https://en.wikipedia.org/wiki/1994_IAAF_Grand_Prix_Final
iaaf-grand-prix,1995,1995,200m-men 800m-men 3000m-men 3000msc-men 110mh-men 200m-women 800m-women 3000m-women 400mh-women,one-day meetings: one final per event (A/B races possible),http://www.gbrathletics.com/ic/gp.htm
iaaf-grand-prix,1996,1996,100m-men 400m-men 1500m-men 5000m-men 400mh-men 100m-women 400m-women 1500m-women 5000m-women 100mh-women,one-day meetings: one final per event (A/B races possible),http://www.gbrathletics.com/ic/gp.htm
iaaf-grand-prix,1997,1997,200m-men 800m-men 1500m-men mile-men 3000m-men 5000m-men 3000msc-men 110mh-men 200m-women 800m-women 1500m-women mile-women 3000m-women 5000m-women 400mh-women,"Odd-year GP group (IAAF standings: 200, 800, Mile, 5000, 3000SC, 110H men; 200, 800, Mile, 5000, 400H women); 1000m scored as 800m, 1500m as Mile, 3000m as 5000m. One race each; some A/B races.",https://web.archive.org/web/19990203060316/http://www.iaaf.org:80/gp97/gpm-ber97/gpmeet.txt
iaaf-grand-prix,1998,1998,100m-men 400m-men 1500m-men mile-men 3000m-men 5000m-men 400mh-men 100m-women 400m-women 1500m-women mile-women 3000m-women 5000m-women 100mh-women,"Even-year GP group (IAAF standings: 100, 400, 1500, 3000, 400H men; 100, 400, 1500, 3000, 100H women); mile scored as 1500m, 5000m as 3000m. One race each; 100m sometimes heats+final or A/B/C races.",https://web.archive.org/web/20000521110631/http://www.iaaf.org:80/gp98/GP1Lausanne/Results/Lausanne.txt
iaaf-grand-prix,1999,1999,200m-men 800m-men 1500m-men mile-men 3000m-men 5000m-men 3000msc-men 110mh-men 200m-women 800m-women 1500m-women 3000m-women 5000m-women 400mh-women,"Odd-year GP track group (events marked GP in IAAF meeting files). One race each, sometimes A/B; 1000m/mile/2000m scored in 1500m group, 5000m/10000m in 3000m group; GP Final ran 3000m.",https://web.archive.org/web/20001119101400/http://www.iaaf.org:80/gp99/GLEBerlin/Results/Berlin.txt
iaaf-grand-prix,2000,2000,100m-men 400m-men 1500m-men mile-men 3000m-men 5000m-men 400mh-men 100m-women 400m-women 1500m-women 3000m-women 5000m-women 100mh-women,"Even-year GP track group (events marked GP in IAAF meeting files). One race each, 100m sometimes heats+final or A/B; mile in 1500m group, 5000m in 3000m group; GP Final ran 3000m.",https://web.archive.org/web/20010214033950/http://www.iaaf.org:80/gp00/GP2Rieti/Results/Rieti.txt
iaaf-grand-prix,2006,2009,100m-men 200m-men 400m-men 800m-men 1500m-men 3000m-men 5000m-men 110mh-men 400mh-men 3000msc-men 100m-women 200m-women 400m-women 800m-women 1500m-women 3000m-women 5000m-women 100mh-women 400mh-women 3000msc-women,"Tour meetings: one final per event, sprints/hurdles sometimes A+B races or heats+final; WAF: single final per event. Each meeting staged a subset of these scoring events.","WA results of the 2007 and 2008 World Athletics Final (ids 6914373, 6977960); 2007 WAT standings on Wikipedia"
iaaf-golden-league,1998,1998,100m-men 400m-men 1500m-men 3000m-men 5000m-men 10000m-men 400mh-men 100m-women 400m-women 1500m-women 100mh-women,one final per event (men 3000/5000/10000: one distance per meeting); 100m sometimes heats+final or A/B/C races,https://worldathletics.org/news/news/iaaf-ericsson-1-million-dollar-jackpot-for-go
iaaf-golden-league,1999,1999,200m-men 800m-men 3000m-men 5000m-men 3000msc-men 110mh-men 200m-women 800m-women 3000m-women 5000m-women 400mh-women,one final per event (3000 or 5000); 800m/110mH sometimes A/B races or heats+final,https://en.wikipedia.org/wiki/1999_IAAF_Golden_League
iaaf-golden-league,2000,2000,100m-men 1500m-men mile-men 3000m-men 5000m-men 400mh-men 100m-women 1500m-women 100mh-women,one final per event (1500 or mile; 3000 or 5000); 100m sometimes heats+final or 2-3 races,https://web.archive.org/web/20000816023714/http://www.iaaf.org:80/GLE00/intro.html
iaaf-golden-league,2001,2001,100m-men 800m-men 1500m-men mile-men 2000m-men 3000m-men 5000m-men 3000msc-men 110mh-men 100m-women 800m-women 1500m-women 3000m-women 5000m-women 400mh-women,one final per event (1500/mile/2000; 3000 or 5000); 100m sometimes heats+final or 2 races,https://web.archive.org/web/20120802011158/http://www2.iaaf.org/GLE01/intro.html
iaaf-golden-league,2002,2002,100m-men 1500m-men mile-men 3000m-men 5000m-men 400mh-men 100m-women 400m-women 1500m-women 3000m-women 5000m-women 100mh-women,one final per event (one-day meetings); 1500m/mile and 3000m/5000m alternate by meeting,https://en.wikipedia.org/wiki/2002_IAAF_Golden_League
iaaf-golden-league,2003,2003,100m-men 800m-men 3000m-men 5000m-men 110mh-men 100m-women 800m-women 1500m-women 400mh-women,one final per event (one-day meetings); men's 3000m/5000m alternate by meeting,https://en.wikipedia.org/wiki/2003_IAAF_Golden_League
iaaf-golden-league,2004,2004,200m-men 800m-men 1500m-men 400mh-men 100m-women 400m-women 1500m-women 3000m-women 5000m-women 100mh-women,one final per event (one-day meetings); women's 3000m/5000m alternate by meeting,https://en.wikipedia.org/wiki/2004_IAAF_Golden_League
iaaf-golden-league,2005,2005,100m-men 800m-men 1500m-men mile-men 110mh-men 100m-women 800m-women 3000m-women 5000m-women 400mh-women,one final per event (one-day meetings); 1500m/mile and 3000m/5000m alternate by meeting,https://en.wikipedia.org/wiki/2005_IAAF_Golden_League
iaaf-golden-league,2006,2006,100m-men 400m-men 1500m-men mile-men 5000m-men 100m-women 400m-women 5000m-women 100mh-women,one-day meetings: single final per event (men 1500m sometimes run as mile),https://en.wikipedia.org/wiki/2006_IAAF_Golden_League
iaaf-golden-league,2007,2007,100m-men 1500m-men mile-men 110mh-men 100m-women 400m-women 100mh-women,single final per event,https://en.wikipedia.org/wiki/2007_IAAF_Golden_League
iaaf-golden-league,2008,2008,100m-men 400m-men 1500m-men mile-men 400mh-men 200m-women 800m-women 100mh-women,single final per event,https://en.wikipedia.org/wiki/2008_IAAF_Golden_League
iaaf-golden-league,2009,2009,100m-men 400m-men 3000m-men 5000m-men 110mh-men 100m-women 400m-women 100mh-women,single final per event,https://en.wikipedia.org/wiki/2009_IAAF_Golden_League
iaaf-grand-prix-ii,1994,1994,100m-men 400m-men 1500m-men 5000m-men 400mh-men 100m-women 400m-women 1500m-women 5000m-women 100mh-women,one final per event (one-day meeting),http://www.gbrathletics.com/ic/gp.htm
iaaf-grand-prix-ii,1995,1995,200m-men 800m-men 3000msc-men 110mh-men 200m-women 800m-women 3000m-women 400mh-women,one final per event (one-day meeting),http://www.gbrathletics.com/ic/gp.htm
iaaf-grand-prix-ii,1996,1996,100m-men 400m-men 1500m-men 5000m-men 400mh-men 100m-women 400m-women 1500m-women 5000m-women 100mh-women,one final per event (one-day meeting),http://www.gbrathletics.com/ic/gp.htm
iaaf-grand-prix-ii,1997,1997,200m-men 800m-men mile-men 5000m-men 3000msc-men 110mh-men 200m-women 800m-women mile-women 5000m-women 400mh-women,one final per event (one-day meeting),http://www.gbrathletics.com/ic/gp.htm
iaaf-grand-prix-ii,1998,1998,100m-men 400m-men 1500m-men 3000m-men 400mh-men 100m-women 400m-women 1500m-women 3000m-women 100mh-women,"one final per event; pool inferred from GP Final; meetings held a subset, 1500 may be mile and 3000 may be 5000",https://en.wikipedia.org/wiki/1998_IAAF_Grand_Prix_Final
iaaf-grand-prix-ii,1999,1999,200m-men 800m-men 1500m-men 3000m-men 3000msc-men 110mh-men 200m-women 800m-women 1500m-women 3000m-women 400mh-women,one final per event; pool inferred from GP Final; meetings held a subset,https://en.wikipedia.org/wiki/1999_IAAF_Grand_Prix_Final
iaaf-grand-prix-ii,2000,2000,100m-men 400m-men 1500m-men 3000m-men 400mh-men 100m-women 400m-women 1500m-women 3000m-women 100mh-women,one final per event; pool inferred from GP Final; meetings held a subset,https://en.wikipedia.org/wiki/2000_IAAF_Grand_Prix_Final
iaaf-grand-prix-ii,2001,2001,200m-men 800m-men 1500m-men 3000m-men 3000msc-men 110mh-men 200m-women 800m-women 1500m-women 3000m-women 400mh-women,one final per event; pool inferred from GP Final; meetings held a subset,WA competition 6953147 (2001 GP Final races)
world-indoor-tour,2016,2016,60m-men 800m-men 3000m-men 400m-women 1500m-women 60mh-women,60m/60mh: heats and final at some meetings; others final only,https://en.wikipedia.org/wiki/2016_IAAF_World_Indoor_Tour
world-indoor-tour,2017,2017,400m-men 1500m-men 60mh-men 60m-women 800m-women 3000m-women,60m/60mh: heats and final at some meetings; others final only,https://en.wikipedia.org/wiki/2017_IAAF_World_Indoor_Tour
millrose-games,1926,1979,600y-men 880y-men 1000y-men mile-men 2-miles-men,"one final per event; some handicap races (1000y, 2 miles) in early decades; sprints/hurdles (60y, 60yh) not covered",https://tf-stats.com/millrose-men-mile/
millrose-games,1980,2017,600y-men 800m-men 1000m-men mile-men 3000m-men 800m-women mile-women,one final per event; event mix varies by year; sprints/hurdles not covered,https://tf-stats.com/millrose-men-mile/
athlos,2024,2026,100m-women 200m-women 400m-women 800m-women 1500m-women mile-women 100mh-women,"one final per event; 1500m in 2024, mile from 2025","WA results 7216725, 7231771, 7245596"
asian-championships,1973,1973,100m-men 200m-men 400m-men 800m-men 1500m-men 5000m-men 10000m-men 3000msc-men 110mh-men 400mh-men 100m-women 200m-women 400m-women 800m-women 1500m-women 100mh-women 200mh-women,"100m-400m and hurdles: heats (semis in some years), final; 800m/1500m: heats, final; 5000m+, steeple: final only",http://www.gbrathletics.com/ic/asc.htm
asian-championships,1975,1983,100m-men 200m-men 400m-men 800m-men 1500m-men 5000m-men 10000m-men 3000msc-men 110mh-men 400mh-men 100m-women 200m-women 400m-women 800m-women 1500m-women 3000m-women 100mh-women 400mh-women,"100m-400m and hurdles: heats (semis in some years), final; 800m/1500m: heats, final; 3000m+, steeple: final only",http://www.gbrathletics.com/ic/asc.htm
asian-championships,1985,1993,100m-men 200m-men 400m-men 800m-men 1500m-men 5000m-men 10000m-men 3000msc-men 110mh-men 400mh-men 100m-women 200m-women 400m-women 800m-women 1500m-women 3000m-women 10000m-women 100mh-women 400mh-women,"100m-400m and hurdles: heats (semis in some years), final; 800m/1500m: heats, final; 3000m+, steeple: final only",http://www.gbrathletics.com/ic/asc.htm
asian-championships,1995,2005,100m-men 200m-men 400m-men 800m-men 1500m-men 5000m-men 10000m-men 3000msc-men 110mh-men 400mh-men 100m-women 200m-women 400m-women 800m-women 1500m-women 5000m-women 10000m-women 100mh-women 400mh-women,"100m-400m and hurdles: heats (semis in some years), final; 800m/1500m: heats, final; 5000m+, steeple: final only",http://www.gbrathletics.com/ic/asc.htm
asian-championships,2007,2025,100m-men 200m-men 400m-men 800m-men 1500m-men 5000m-men 10000m-men 3000msc-men 110mh-men 400mh-men 100m-women 200m-women 400m-women 800m-women 1500m-women 5000m-women 10000m-women 3000msc-women 100mh-women 400mh-women,"100m-400m and hurdles: heats (semis in some years), final; 800m/1500m: heats, final; 5000m+, steeple: final only",https://en.wikipedia.org/wiki/2007_Asian_Athletics_Championships
asian-indoor-championships,2004,2004,60m-men 200m-men 400m-men 800m-men 1500m-men 3000m-men 60mh-men 60m-women 200m-women 400m-women 800m-women 1500m-women 3000m-women 60mh-women,"60m/60mh/200m/400m: heats, final (semis some years); 800m/1500m: heats, final; 3000m: final only",https://en.wikipedia.org/wiki/2004_Asian_Indoor_Athletics_Championships
asian-indoor-championships,2006,2026,60m-men 400m-men 800m-men 1500m-men 3000m-men 60mh-men 60m-women 400m-women 800m-women 1500m-women 3000m-women 60mh-women,"60m/60mh: heats, (semis), final; 400m/800m: heats, final; 1500m/3000m: final only (heats if large field)",https://en.wikipedia.org/wiki/Asian_Indoor_Athletics_Championships
asian-indoor-games,2005,2017,60m-men 400m-men 800m-men 1500m-men 3000m-men 60mh-men 60m-women 400m-women 800m-women 1500m-women 3000m-women 60mh-women,"60m/60mh: heats, (semis), final; 400m/800m: heats, final; 1500m/3000m: final only",https://en.wikipedia.org/wiki/Indoor_athletics_at_the_Asian_Indoor_and_Martial_Arts_Games
asian-games,1951,1958,100m-men 200m-men 400m-men 800m-men 1500m-men 5000m-men 10000m-men 110mh-men 400mh-men 3000msc-men 100m-women 200m-women 80mh-women,"100m-400m and hurdles: heats, final (semis in some); 800m/1500m: heats, final; 5000m+: final only",https://en.wikipedia.org/wiki/Athletics_at_the_Asian_Games
asian-games,1962,1962,100m-men 200m-men 400m-men 800m-men 1500m-men 5000m-men 10000m-men 110mh-men 400mh-men 3000msc-men 100m-women 200m-women 800m-women 80mh-women,"100m-400m and hurdles: heats, final (semis in some); 800m/1500m: heats, final; 5000m+: final only",https://en.wikipedia.org/wiki/Athletics_at_the_Asian_Games
asian-games,1966,1966,100m-men 200m-men 400m-men 800m-men 1500m-men 5000m-men 10000m-men 110mh-men 400mh-men 3000msc-men 100m-women 200m-women 400m-women 800m-women 80mh-women,"100m-400m and hurdles: heats, final (semis in some); 800m/1500m: heats, final; 5000m+: final only",https://en.wikipedia.org/wiki/Athletics_at_the_Asian_Games
asian-games,1970,1974,100m-men 200m-men 400m-men 800m-men 1500m-men 5000m-men 10000m-men 110mh-men 400mh-men 3000msc-men 100m-women 200m-women 400m-women 800m-women 1500m-women 100mh-women,"100m-400m and hurdles: heats, final (semis in some); 800m/1500m: heats, final; 5000m+: final only",https://en.wikipedia.org/wiki/Athletics_at_the_Asian_Games
asian-games,1978,1982,100m-men 200m-men 400m-men 800m-men 1500m-men 5000m-men 10000m-men 110mh-men 400mh-men 3000msc-men 100m-women 200m-women 400m-women 800m-women 1500m-women 3000m-women 100mh-women 400mh-women,"100m-400m and hurdles: heats, final (semis in some); 800m/1500m: heats, final; 3000m+: final only",https://en.wikipedia.org/wiki/Athletics_at_the_Asian_Games
asian-games,1986,1994,100m-men 200m-men 400m-men 800m-men 1500m-men 5000m-men 10000m-men 110mh-men 400mh-men 3000msc-men 100m-women 200m-women 400m-women 800m-women 1500m-women 3000m-women 10000m-women 100mh-women 400mh-women,"100m-400m and hurdles: heats, final (semis in some); 800m/1500m: heats, final; 3000m+: final only",https://en.wikipedia.org/wiki/Athletics_at_the_Asian_Games
asian-games,1998,2006,100m-men 200m-men 400m-men 800m-men 1500m-men 5000m-men 10000m-men 110mh-men 400mh-men 3000msc-men 100m-women 200m-women 400m-women 800m-women 1500m-women 5000m-women 10000m-women 100mh-women 400mh-women,"100m-400m and hurdles: heats, final (semis in 100m/200m some years); 800m/1500m: heats, final; 5000m+: final only",https://en.wikipedia.org/wiki/Athletics_at_the_Asian_Games
asian-games,2010,2026,100m-men 200m-men 400m-men 800m-men 1500m-men 5000m-men 10000m-men 110mh-men 400mh-men 3000msc-men 100m-women 200m-women 400m-women 800m-women 1500m-women 5000m-women 10000m-women 100mh-women 400mh-women 3000msc-women,"100m/200m: heats, semis, final; 400m-800m and hurdles: heats, final; 1500m: heats or straight final; 5000m+ and steeple: final only",https://en.wikipedia.org/wiki/Athletics_at_the_Asian_Games
african-championships,1979,1984,100m-men 200m-men 400m-men 800m-men 1500m-men 5000m-men 10000m-men 3000msc-men 110mh-men 400mh-men 100m-women 200m-women 400m-women 800m-women 1500m-women 3000m-women 100mh-women 400mh-women,"100m-400m and hurdles: heats, (semis in 100/200 when entries large), final; 800m/1500m: heats, final; 3000m+ and steeplechase: final only",https://en.wikipedia.org/wiki/1979_African_Championships_in_Athletics
african-championships,1985,1993,100m-men 200m-men 400m-men 800m-men 1500m-men 5000m-men 10000m-men 3000msc-men 110mh-men 400mh-men 100m-women 200m-women 400m-women 800m-women 1500m-women 3000m-women 10000m-women 100mh-women 400mh-women,"100m-400m and hurdles: heats, (semis), final; 800m/1500m: heats, final; 3000m+: final only",https://en.wikipedia.org/wiki/1985_African_Championships_in_Athletics
african-championships,1996,1996,100m-men 200m-men 400m-men 800m-men 1500m-men 5000m-men 10000m-men 3000msc-men 110mh-men 400mh-men 100m-women 200m-women 400m-women 800m-women 1500m-women 5000m-women 100mh-women 400mh-women,"sprints/hurdles: heats, final; 800m/1500m: heats, final; 5000m+: final only",https://en.wikipedia.org/wiki/1996_African_Championships_in_Athletics
african-championships,2000,2002,100m-men 200m-men 400m-men 800m-men 1500m-men 5000m-men 10000m-men 3000msc-men 110mh-men 400mh-men 100m-women 200m-women 400m-women 800m-women 1500m-women 5000m-women 10000m-women 100mh-women 400mh-women,"100m-400m and hurdles: heats, (semis), final; 800m/1500m: heats, final; 5000m+: final only",https://en.wikipedia.org/wiki/2000_African_Championships_in_Athletics
african-championships,2004,2026,100m-men 200m-men 400m-men 800m-men 1500m-men 5000m-men 10000m-men 3000msc-men 110mh-men 400mh-men 100m-women 200m-women 400m-women 800m-women 1500m-women 5000m-women 10000m-women 3000msc-women 100mh-women 400mh-women,"100m-400m and hurdles: heats, semi-finals, final; 800m: heats, (semis), final; 1500m: heats, final; 5000m+, steeplechase: final only",https://en.wikipedia.org/wiki/2004_African_Championships_in_Athletics
african-games,1965,1965,100m-men 200m-men 400m-men 800m-men 1500m-men 5000m-men 3000msc-men 110mh-men 400mh-men 100m-women 80mh-women,"sprints/hurdles: heats, final; 800m/1500m: heats, final; 5000m/steeple: final only",https://en.wikipedia.org/wiki/Athletics_at_the_1965_All-Africa_Games
african-games,1973,1978,100m-men 200m-men 400m-men 800m-men 1500m-men 5000m-men 10000m-men 3000msc-men 110mh-men 400mh-men 100m-women 200m-women 400m-women 800m-women 1500m-women 100mh-women,"100m-400m and hurdles: heats, (semis), final; 800m/1500m: heats, final; 5000m+: final only",https://en.wikipedia.org/wiki/Athletics_at_the_1973_All-Africa_Games
african-games,1987,1991,100m-men 200m-men 400m-men 800m-men 1500m-men 5000m-men 10000m-men 3000msc-men 110mh-men 400mh-men 100m-women 200m-women 400m-women 800m-women 1500m-women 3000m-women 10000m-women 100mh-women 400mh-women,"100m-400m and hurdles: heats, (semis), final; 800m/1500m: heats, final; 3000m+: final only",https://en.wikipedia.org/wiki/Athletics_at_the_1987_All-Africa_Games
african-games,1995,2003,100m-men 200m-men 400m-men 800m-men 1500m-men 5000m-men 10000m-men 3000msc-men 110mh-men 400mh-men 100m-women 200m-women 400m-women 800m-women 1500m-women 5000m-women 10000m-women 100mh-women 400mh-women,"100m-400m and hurdles: heats, semis, final; 800m/1500m: heats, final; 5000m+: final only",https://en.wikipedia.org/wiki/Athletics_at_the_1995_All-Africa_Games
african-games,2007,2024,100m-men 200m-men 400m-men 800m-men 1500m-men 5000m-men 10000m-men 3000msc-men 110mh-men 400mh-men 100m-women 200m-women 400m-women 800m-women 1500m-women 5000m-women 10000m-women 3000msc-women 100mh-women 400mh-women,"100m-400m and hurdles: heats, semi-finals, final; 800m: heats, (semis), final; 1500m: heats, final; 5000m+, steeplechase: final only",https://en.wikipedia.org/wiki/Athletics_at_the_2007_All-Africa_Games
pan-american-games,1951,1951,100m-men 200m-men 400m-men 800m-men 1500m-men 5000m-men 10000m-men 110mh-men 400mh-men 3000msc-men 100m-women 200m-women 80mh-women,"100m-400m and hurdles: heats, final (semis in some years); 800m: heats, final; 1500m+: final only",https://en.wikipedia.org/wiki/Athletics_at_the_Pan_American_Games
pan-american-games,1955,1955,100m-men 200m-men 400m-men 800m-men 1500m-men 5000m-men 10000m-men 110mh-men 400mh-men 3000msc-men 100m-women 80mh-women,"100m-400m and hurdles: heats, final; 800m: heats, final; 1500m+: final only",https://en.wikipedia.org/wiki/Athletics_at_the_Pan_American_Games
pan-american-games,1959,1959,100m-men 200m-men 400m-men 800m-men 1500m-men 5000m-men 10000m-men 110mh-men 400mh-men 3000msc-men 100m-women 200m-women 80mh-women,"100m-400m and hurdles: heats, final; 800m: heats, final; 1500m+: final only",https://en.wikipedia.org/wiki/Athletics_at_the_Pan_American_Games
pan-american-games,1963,1967,100m-men 200m-men 400m-men 800m-men 1500m-men 5000m-men 10000m-men 110mh-men 400mh-men 3000msc-men 100m-women 200m-women 800m-women 80mh-women,"100m-400m and hurdles: heats, final; 800m: heats, final; 1500m+: final only",https://en.wikipedia.org/wiki/Athletics_at_the_Pan_American_Games
pan-american-games,1971,1971,100m-men 200m-men 400m-men 800m-men 1500m-men 5000m-men 10000m-men 110mh-men 400mh-men 3000msc-men 100m-women 200m-women 400m-women 800m-women 100mh-women,"100m-400m and hurdles: heats, final; 800m: heats, final; 1500m+: final only",https://en.wikipedia.org/wiki/Athletics_at_the_Pan_American_Games
pan-american-games,1975,1975,100m-men 200m-men 400m-men 800m-men 1500m-men 5000m-men 10000m-men 110mh-men 400mh-men 3000msc-men 100m-women 200m-women 400m-women 800m-women 1500m-women 100mh-women,"100m-400m and hurdles: heats, final; 800m: heats, final; 1500m+: final only",https://en.wikipedia.org/wiki/Athletics_at_the_Pan_American_Games
pan-american-games,1979,1979,100m-men 200m-men 400m-men 800m-men 1500m-men 5000m-men 10000m-men 110mh-men 400mh-men 3000msc-men 100m-women 200m-women 400m-women 800m-women 1500m-women 3000m-women 100mh-women,"100m-400m and hurdles: heats, final; 800m: heats, final; 1500m+: final only",https://en.wikipedia.org/wiki/Athletics_at_the_Pan_American_Games
pan-american-games,1983,1983,100m-men 200m-men 400m-men 800m-men 1500m-men 5000m-men 10000m-men 110mh-men 400mh-men 3000msc-men 100m-women 200m-women 400m-women 800m-women 1500m-women 3000m-women 100mh-women 400mh-women,"100m-400m and hurdles: heats, final; 800m: heats, final; 1500m+: final only",https://en.wikipedia.org/wiki/Athletics_at_the_Pan_American_Games
pan-american-games,1987,1991,100m-men 200m-men 400m-men 800m-men 1500m-men 5000m-men 10000m-men 110mh-men 400mh-men 3000msc-men 100m-women 200m-women 400m-women 800m-women 1500m-women 3000m-women 10000m-women 100mh-women 400mh-women,"100m-400m and hurdles: heats, final; 800m: heats, final; 1500m+: final only",https://en.wikipedia.org/wiki/Athletics_at_the_Pan_American_Games
pan-american-games,1995,2003,100m-men 200m-men 400m-men 800m-men 1500m-men 5000m-men 10000m-men 110mh-men 400mh-men 3000msc-men 100m-women 200m-women 400m-women 800m-women 1500m-women 5000m-women 10000m-women 100mh-women 400mh-women,"100m-400m and hurdles: heats, final (semis in some years); 800m: heats, final; 1500m+: final only",https://en.wikipedia.org/wiki/Athletics_at_the_Pan_American_Games
pan-american-games,2007,2023,100m-men 200m-men 400m-men 800m-men 1500m-men 5000m-men 10000m-men 110mh-men 400mh-men 3000msc-men 100m-women 200m-women 400m-women 800m-women 1500m-women 5000m-women 10000m-women 100mh-women 400mh-women 3000msc-women,"100m-400m and hurdles: heats (3-4 races), final; 800m: heats, final; 1500m+: final only (WA 2019/2023)",https://en.wikipedia.org/wiki/Athletics_at_the_Pan_American_Games
pan-american-championships,2026,2026,100m-men 200m-men 400m-men 800m-men 1500m-men 5000m-men 10000m-men 110mh-men 400mh-men 3000msc-men 100m-women 200m-women 400m-women 800m-women 1500m-women 5000m-women 10000m-women 100mh-women 400mh-women 3000msc-women,"100m-400m and hurdles: heats, final; 800m: final (men A/B x2) or heats, final; 1500m+: final only",WA results 7236768
nacac-championships,2007,2026,100m-men 200m-men 400m-men 800m-men 1500m-men 5000m-men 10000m-men 110mh-men 400mh-men 3000msc-men 100m-women 200m-women 400m-women 800m-women 1500m-women 5000m-women 10000m-women 100mh-women 400mh-women 3000msc-women,"100m-400m and hurdles: heats, final (100m semis in 2018); 800m: heats, final; 1500m+: final only",https://en.wikipedia.org/wiki/NACAC_Championships
cac-championships,1967,1967,100m-men 200m-men 400m-men 800m-men 1500m-men 5000m-men 10000m-men 110mh-men 400mh-men 3000msc-men 100m-women 200m-women 400m-women 800m-women 80mh-women,"100m-400m and hurdles: heats, final; 800m: heats or final only; 1500m+: final only",https://en.wikipedia.org/wiki/1967_Central_American_and_Caribbean_Championships_in_Athletics
cac-championships,1969,1969,100m-men 200m-men 400m-men 800m-men 1500m-men 5000m-men 10000m-men 110mh-men 400mh-men 3000msc-men 100m-women 200m-women 400m-women 800m-women 100mh-women,"100m-400m and hurdles: heats, final; 800m: heats or final only; 1500m+: final only",https://en.wikipedia.org/wiki/1969_Central_American_and_Caribbean_Championships_in_Athletics
cac-championships,1971,1975,100m-men 200m-men 400m-men 800m-men 1500m-men 5000m-men 10000m-men 110mh-men 400mh-men 3000msc-men 100m-women 200m-women 400m-women 800m-women 1500m-women 100mh-women 200mh-women,"100m-400m and hurdles: heats, final; 800m: heats or final only; 1500m+: final only",https://en.wikipedia.org/wiki/1971_Central_American_and_Caribbean_Championships_in_Athletics
cac-championships,1977,1977,100m-men 200m-men 400m-men 800m-men 1500m-men 5000m-men 10000m-men 110mh-men 400mh-men 3000msc-men 100m-women 200m-women 400m-women 800m-women 1500m-women 3000m-women 100mh-women,"100m-400m and hurdles: heats, final; 800m: heats or final only; 1500m+: final only",https://en.wikipedia.org/wiki/1977_Central_American_and_Caribbean_Championships_in_Athletics
cac-championships,1979,1983,100m-men 200m-men 400m-men 800m-men 1500m-men 5000m-men 10000m-men 110mh-men 400mh-men 3000msc-men 100m-women 200m-women 400m-women 800m-women 1500m-women 3000m-women 100mh-women 400mh-women,"100m-400m and hurdles: heats, final; 800m: heats or final only; 1500m+: final only",https://en.wikipedia.org/wiki/1979_Central_American_and_Caribbean_Championships_in_Athletics
cac-championships,1985,1993,100m-men 200m-men 400m-men 800m-men 1500m-men 5000m-men 10000m-men 110mh-men 400mh-men 3000msc-men 100m-women 200m-women 400m-women 800m-women 1500m-women 3000m-women 10000m-women 100mh-women 400mh-women,"100m-400m and hurdles: heats, final; 800m: heats or final only; 1500m+: final only",https://en.wikipedia.org/wiki/1985_Central_American_and_Caribbean_Championships_in_Athletics
cac-championships,1995,2003,100m-men 200m-men 400m-men 800m-men 1500m-men 5000m-men 10000m-men 110mh-men 400mh-men 3000msc-men 100m-women 200m-women 400m-women 800m-women 1500m-women 5000m-women 10000m-women 100mh-women 400mh-women,"100m-400m and hurdles: heats, final; 800m: heats or final only; 1500m+: final only",https://en.wikipedia.org/wiki/1995_Central_American_and_Caribbean_Championships_in_Athletics
cac-championships,2005,2013,100m-men 200m-men 400m-men 800m-men 1500m-men 5000m-men 10000m-men 110mh-men 400mh-men 3000msc-men 100m-women 200m-women 400m-women 800m-women 1500m-women 5000m-women 10000m-women 100mh-women 400mh-women 3000msc-women,"100m-400m and hurdles: heats, final; 800m: heats or final only; 1500m+: final only",https://en.wikipedia.org/wiki/2005_Central_American_and_Caribbean_Championships_in_Athletics
south-american-championships,1918,1919,100m-men 200m-men 400m-men 800m-men 1500m-men 10000m-men 110mh-men 200mh-men 400mh-men,"pre-2019 rounds unknown; 100m-400m and hurdles likely heats and final, 800m+ final only",http://www.gbrathletics.com/ic/sac.htm
south-american-championships,1920,1920,100m-men 200m-men 400m-men 800m-men 1500m-men 5000m-men 10000m-men 110mh-men 200mh-men 400mh-men,pre-2019 rounds unknown,http://www.gbrathletics.com/ic/sac.htm
south-american-championships,1922,1937,100m-men 200m-men 400m-men 800m-men 1500m-men 3000m-men 5000m-men 10000m-men 110mh-men 400mh-men,pre-2019 rounds unknown,http://www.gbrathletics.com/ic/sac.htm
south-american-championships,1939,1950,100m-men 200m-men 400m-men 800m-men 1500m-men 3000m-men 5000m-men 10000m-men 110mh-men 400mh-men 100m-women 200m-women 80mh-women,pre-2019 rounds unknown,http://www.gbrathletics.com/ic/sacw.htm
south-american-championships,1952,1967,100m-men 200m-men 400m-men 800m-men 1500m-men 5000m-men 10000m-men 3000msc-men 110mh-men 400mh-men 100m-women 200m-women 80mh-women,pre-2019 rounds unknown,http://www.gbrathletics.com/ic/sacw.htm
south-american-championships,1969,1969,100m-men 200m-men 400m-men 800m-men 1500m-men 5000m-men 10000m-men 3000msc-men 110mh-men 400mh-men 100m-women 200m-women 400m-women 800m-women 80mh-women,pre-2019 rounds unknown,http://www.gbrathletics.com/ic/sacw.htm
south-american-championships,1971,1979,100m-men 200m-men 400m-men 800m-men 1500m-men 5000m-men 10000m-men 3000msc-men 110mh-men 400mh-men 100m-women 200m-women 400m-women 800m-women 1500m-women 100mh-women,pre-2019 rounds unknown,http://www.gbrathletics.com/ic/sacw.htm
south-american-championships,1981,1983,100m-men 200m-men 400m-men 800m-men 1500m-men 5000m-men 10000m-men 3000msc-men 110mh-men 400mh-men 100m-women 200m-women 400m-women 800m-women 1500m-women 3000m-women 100mh-women 400mh-women,pre-2019 rounds unknown,http://www.gbrathletics.com/ic/sacw.htm
south-american-championships,1985,1993,100m-men 200m-men 400m-men 800m-men 1500m-men 5000m-men 10000m-men 3000msc-men 110mh-men 400mh-men 100m-women 200m-women 400m-women 800m-women 1500m-women 3000m-women 10000m-women 100mh-women 400mh-women,pre-2019 rounds unknown,http://www.gbrathletics.com/ic/sacw.htm
south-american-championships,1995,1999,100m-men 200m-men 400m-men 800m-men 1500m-men 5000m-men 10000m-men 3000msc-men 110mh-men 400mh-men 100m-women 200m-women 400m-women 800m-women 1500m-women 5000m-women 10000m-women 100mh-women 400mh-women,pre-2019 rounds unknown,http://www.gbrathletics.com/ic/sacw.htm
south-american-championships,2001,2025,100m-men 200m-men 400m-men 800m-men 1500m-men 5000m-men 10000m-men 3000msc-men 110mh-men 400mh-men 100m-women 200m-women 400m-women 800m-women 1500m-women 5000m-women 10000m-women 3000msc-women 100mh-women 400mh-women,100m-400m and hurdles: heats (2-3) and final; 800m and longer: final only (per WA 2019-2025),http://www.gbrathletics.com/ic/sacw.htm
south-american-indoor-championships,2020,2026,60m-men 200m-men 400m-men 800m-men 1500m-men 3000m-men 60mh-men 60m-women 200m-women 400m-women 800m-women 1500m-women 3000m-women 60mh-women,"60m, 60mH, 400m: heats and final when needed; others final only",https://en.wikipedia.org/wiki/South_American_Indoor_Championships_in_Athletics
oceania-championships,1990,1998,100m-men 200m-men 400m-men 800m-men 1500m-men 5000m-men 10000m-men 3000msc-men 110mh-men 400mh-men 100m-women 200m-women 400m-women 800m-women 1500m-women 5000m-women 100mh-women 400mh-women,Mostly straight finals; 100m-400m heats when entries require,http://www.gbrathletics.com/ic/oc.htm
oceania-championships,2000,2004,100m-men 200m-men 400m-men 800m-men 1500m-men 5000m-men 3000msc-men 110mh-men 400mh-men 100m-women 200m-women 400m-women 800m-women 1500m-women 5000m-women 2000msc-women 100mh-women 400mh-women,Mostly straight finals; 100m-400m heats when entries require,http://www.gbrathletics.com/ic/oc.htm
oceania-championships,2006,2026,100m-men 200m-men 400m-men 800m-men 1500m-men 5000m-men 10000m-men 3000msc-men 110mh-men 400mh-men 100m-women 200m-women 400m-women 800m-women 1500m-women 5000m-women 10000m-women 3000msc-women 100mh-women 400mh-women,"100m: heats, (semis), final; 200m-400mH: heats and final when needed; 800m+: final only",https://worldathletics.org/competition/calendar-results (2019-2026)
european-indoor-championships,1966,1966,60m-men 400m-men 800m-men 1500m-men 3000m-men 60mh-men 60m-women 400m-women 800m-women 60mh-women,"unknown; single day, sprints likely heats and final",https://en.wikipedia.org/wiki/1966_European_Indoor_Games
european-indoor-championships,1967,1969,50m-men 400m-men 800m-men 1500m-men 3000m-men 50mh-men 50m-women 400m-women 800m-women 50mh-women,"unknown; sprints/hurdles likely heats, semis, final; 1500m/3000m final only",https://en.wikipedia.org/wiki/European_Athletics_Indoor_Championships
european-cup,1965,1967,100m-men 200m-men 400m-men 800m-men 1500m-men 5000m-men 10000m-men 110mh-men 400mh-men 3000msc-men 100m-women 200m-women 400m-women 800m-women 80mh-women,one final per event (one athlete per team),https://en.wikipedia.org/wiki/1967_European_Cup_Final_(athletics)
european-cup,1970,1975,100m-men 200m-men 400m-men 800m-men 1500m-men 5000m-men 10000m-men 110mh-men 400mh-men 3000msc-men 100m-women 200m-women 400m-women 800m-women 1500m-women 100mh-women,one final per event,https://en.wikipedia.org/wiki/1975_European_Cup_Final_(athletics)
european-cup,1977,1983,100m-men 200m-men 400m-men 800m-men 1500m-men 5000m-men 10000m-men 110mh-men 400mh-men 3000msc-men 100m-women 200m-women 400m-women 800m-women 1500m-women 3000m-women 100mh-women 400mh-women,one final per event,https://en.wikipedia.org/wiki/1983_European_Cup_%22A%22_Final
european-cup,1985,1994,100m-men 200m-men 400m-men 800m-men 1500m-men 5000m-men 10000m-men 110mh-men 400mh-men 3000msc-men 100m-women 200m-women 400m-women 800m-women 1500m-women 3000m-women 10000m-women 100mh-women 400mh-women,one final per event,https://en.wikipedia.org/wiki/1993_European_Cup_Super_League
european-cup,1995,1995,100m-men 200m-men 400m-men 800m-men 1500m-men 5000m-men 10000m-men 110mh-men 400mh-men 3000msc-men 100m-women 200m-women 400m-women 800m-women 1500m-women 5000m-women 10000m-women 100mh-women 400mh-women,one final per event,https://en.wikipedia.org/wiki/1995_European_Cup_Super_League
european-cup,1996,2001,100m-men 200m-men 400m-men 800m-men 1500m-men 3000m-men 5000m-men 110mh-men 400mh-men 3000msc-men 100m-women 200m-women 400m-women 800m-women 1500m-women 3000m-women 5000m-women 100mh-women 400mh-women,one final per event,https://en.wikipedia.org/wiki/1999_European_Cup_Super_League
european-cup,2002,2008,100m-men 200m-men 400m-men 800m-men 1500m-men 3000m-men 5000m-men 110mh-men 400mh-men 3000msc-men 100m-women 200m-women 400m-women 800m-women 1500m-women 3000m-women 5000m-women 100mh-women 400mh-women 3000msc-women,one final per event,https://en.wikipedia.org/wiki/2005_European_Cup_Super_League
european-indoor-cup,2003,2008,60m-men 400m-men 800m-men 1500m-men 3000m-men 60mh-men 60m-women 400m-women 800m-women 1500m-women 3000m-women 60mh-women,one final per event (one athlete per nation); whether 60m/60mH were split into races not established,https://en.wikipedia.org/wiki/2003_European_Athletics_Indoor_Cup
european-team-championships,2009,2025,100m-men 200m-men 400m-men 800m-men 1500m-men 3000m-men 5000m-men 110mh-men 400mh-men 3000msc-men 100m-women 200m-women 400m-women 800m-women 1500m-women 3000m-women 5000m-women 100mh-women 400mh-women 3000msc-women,"Sprints and hurdles two races (final x2), or in 2019 two heats plus a final; 800m two races in 2025; 1500m and longer one race. 3000m dropped by 2025.","WA results 6998552, 7134454, 7173259"
european-10000m-cup,1997,2026,10000m-men 10000m-women,final only: usually an A and a B race per sex (final x2); 1997 had one race per sex,"https://en.wikipedia.org/wiki/European_10,000m_Cup"
finnkampen,1925,1950,100m-men 200m-men 400m-men 800m-men 1500m-men 5000m-men 10000m-men 110mh-men 400mh-men 3000msc-men,"final only (one race per event, 2 per nation)",https://sv.wikipedia.org/wiki/Finnkampen
finnkampen,1951,1983,100m-men 200m-men 400m-men 800m-men 1500m-men 5000m-men 10000m-men 110mh-men 400mh-men 3000msc-men 100m-women 200m-women 400m-women 800m-women 80mh-women 100mh-women 1500m-women,"final only; men 3 per nation, women 2 per nation (women 80mh to 1968, 100mh after; 400m/800m/1500m women added over the period)",https://sv.wikipedia.org/wiki/Finnkampen
finnkampen,1984,2026,100m-men 200m-men 400m-men 800m-men 1500m-men 5000m-men 10000m-men 110mh-men 400mh-men 3000msc-men 100m-women 200m-women 400m-women 800m-women 1500m-women 3000m-women 5000m-women 10000m-women 100mh-women 400mh-women 3000msc-women,final only; 3 per nation per event (6-runner races),https://sv.wikipedia.org/wiki/Finnkampen
usa-national-team-dual-meets,1958,1983,100m-men 200m-men 400m-men 800m-men 1500m-men 5000m-men 10000m-men 110mh-men 400mh-men 3000msc-men 100m-women 200m-women 400m-women 800m-women 80mh-women 100mh-women 1500m-women,final only; 2 per nation (women 80mh to 1968 then 100mh; 400m/1500m women added late 1960s),https://de.wikipedia.org/wiki/Leichtathletik-L%C3%A4nderkampf_der_M%C3%A4nner_1961_BR_Deutschland_%E2%80%93_USA
pan-africa-usa-meet,1971,1982,100m-men 200m-men 400m-men 800m-men 1500m-men 5000m-men 10000m-men 110mh-men 400mh-men 3000msc-men 100m-women 200m-women 400m-women 800m-women 1500m-women 100mh-women,final only; 2 per team,https://de.wikipedia.org/wiki/Leichtathletik-L%C3%A4nderkampf_der_M%C3%A4nner_1975_USA_%E2%80%93_BR_Deutschland_%E2%80%93_Panafrika
europe-vs-americas-match,1967,1969,100m-men 200m-men 400m-men 800m-men 1500m-men 5000m-men 10000m-men 110mh-men 400mh-men 3000msc-men 100m-women 200m-women 400m-women 800m-women 80mh-women 100mh-women,final only; 2 per team,https://vault.si.com/vault/1967/08/21/pop-fare-for-a-popular-fair
usatf-outdoor-championships,1876,1922,100y-men 220y-men 440y-men 880y-men mile-men 120yh-men 220yh-men,"sprints/hurdles: heats, final; 440y+: final only",https://en.wikipedia.org/wiki/USA_Outdoor_Track_and_Field_Championships
usatf-outdoor-championships,1923,1958,100y-men 220y-men 440y-men 880y-men mile-men 3-miles-men 6-miles-men 120yh-men 220yh-men 440yh-men 3000msc-men 50y-women 100y-women 220y-women 80mh-women,"sprints/hurdles: heats, semis, final; 440-880: heats, final; distance: final only. Metric equivalents in Olympic years and 1933-51",https://en.wikipedia.org/wiki/USA_Outdoor_Track_and_Field_Championships
usatf-outdoor-championships,1959,1973,100y-men 220y-men 440y-men 880y-men mile-men 3-miles-men 6-miles-men 120yh-men 220yh-men 440yh-men 3000msc-men 100y-women 220y-women 440y-women 880y-women mile-women 80mh-women 100mh-women,"sprints: heats, semis, final; middle: heats, final; distance: final only; metric in 1959 and Olympic years",https://en.wikipedia.org/wiki/USA_Outdoor_Track_and_Field_Championships
usatf-outdoor-championships,1974,2026,100m-men 200m-men 400m-men 800m-men 1500m-men 5000m-men 10000m-men 110mh-men 400mh-men 3000msc-men 100m-women 200m-women 400m-women 800m-women 1500m-women 3000m-women 5000m-women 10000m-women 100mh-women 400mh-women 3000msc-women,"100-400m and hurdles: heats, semis, final; 800-1500m: heats, (semis), final; 5000/10000m: final only",https://en.wikipedia.org/wiki/USA_Outdoor_Track_and_Field_Championships
usatf-indoor-championships,1906,1926,,mostly single finals; heats in sprints/hurdles,https://en.wikipedia.org/wiki/USA_Indoor_Track_and_Field_Championships
usatf-indoor-championships,1927,1986,60y-men 600y-men 1000y-men mile-men 2-miles-men 60yh-men 60y-women 440y-women 880y-women mile-women 60yh-women,"60y/60yH: heats, semis, final; 600y and up: final (some heats)",http://www.gbrathletics.com/nc/usai.htm
usatf-indoor-championships,1987,2026,60m-men 200m-men 400m-men 800m-men mile-men 3000m-men 60mh-men 60m-women 200m-women 400m-women 800m-women mile-women 3000m-women 60mh-women,"60m/60mH: heats, semis or final; 200/400/800: heats, final; mile/3000: final",https://en.wikipedia.org/wiki/USA_Indoor_Track_and_Field_Championships
us-olympic-trials,1920,1924,100m-men 200m-men 400m-men 800m-men 1500m-men 5000m-men 10000m-men 110mh-men 400mh-men 3000msc-men,"sprints: heats, final; distance: final only",https://en.wikipedia.org/wiki/United_States_Olympic_trials_(track_and_field)
us-olympic-trials,1928,1968,100m-men 200m-men 400m-men 800m-men 1500m-men 5000m-men 10000m-men 110mh-men 400mh-men 3000msc-men,"100m-400m/hurdles: heats, semis, final; 800m+: heats/final or final",https://en.wikipedia.org/wiki/United_States_Olympic_trials_(track_and_field)
us-olympic-trials,1972,1980,100m-men 200m-men 400m-men 800m-men 1500m-men 5000m-men 10000m-men 110mh-men 400mh-men 3000msc-men 100m-women 200m-women 400m-women 800m-women 1500m-women 100mh-women,"100m-400m: heats, semis, final; 800m/1500m: heats, semis, final; 5000m+: heats/final",https://en.wikipedia.org/wiki/United_States_Olympic_trials_(track_and_field)
us-olympic-trials,1984,1996,100m-men 200m-men 400m-men 800m-men 1500m-men 5000m-men 10000m-men 110mh-men 400mh-men 3000msc-men 100m-women 200m-women 400m-women 800m-women 1500m-women 3000m-women 10000m-women 100mh-women 400mh-women,"100m-400mh: heats, quarters, semis, final; 800m/1500m: heats, semis, final; 5000m+: heats, final","Olympic programme; women's 3000m replaced by 5000m 1996, 10000m-women from 1988"
us-olympic-trials,2000,2024,100m-men 200m-men 400m-men 800m-men 1500m-men 5000m-men 10000m-men 110mh-men 400mh-men 3000msc-men 100m-women 200m-women 400m-women 800m-women 1500m-women 5000m-women 10000m-women 100mh-women 400mh-women 3000msc-women,"100m-400mh: heats, semis, final; 800m/1500m: heats, semis, final; 5000m/steeple: heats, final; 10000m: final",Olympic programme; women's steeple from 2008
ncaa-division-i-outdoor,1921,1975,100y-men 220y-men 440y-men 880y-men mile-men 2-miles-men 120yh-men 220yh-men,"Approximate, yards era: sprints/hurdles heats, semis, final; 880y/mile heats, final; distance final only. 3/6 miles, steeple and 440yh added over time; exact years not verified; metric in Olympic years (e.g. 1932/1936/1948/1952/1956/1960/1964/1968/1972) and from c.1975.",https://en.wikipedia.org/wiki/NCAA_Division_I_Men%27s_Outdoor_Track_and_Field_Championships
ncaa-division-i-outdoor,1976,1981,100m-men 200m-men 400m-men 800m-men 1500m-men 5000m-men 10000m-men 110mh-men 400mh-men 3000msc-men,"100m-400m and hurdles: heats, semis, final; 800/1500: heats (semis), final; 5000/10000: heats or final",https://en.wikipedia.org/wiki/NCAA_Division_I_Men%27s_Outdoor_Track_and_Field_Championships
ncaa-division-i-outdoor,1982,2026,100m-men 200m-men 400m-men 800m-men 1500m-men 5000m-men 10000m-men 110mh-men 400mh-men 3000msc-men 100m-women 200m-women 400m-women 800m-women 1500m-women 3000m-women 5000m-women 10000m-women 100mh-women 400mh-women 3000msc-women,"Women's 3000m to c.1995, 3000msc from 2001. 100m-1500m & hurdles: semis + final (heats/semis); 5000/10000/steeple: final (heats in some years). Since 2003 regional qualifiers; finals site has semis+final for sprints-1500/steeple.",https://en.wikipedia.org/wiki/NCAA_Division_I_Women%27s_Outdoor_Track_and_Field_Championships
ncaa-division-i-indoor,1965,1982,60y-men 440y-men 600y-men 880y-men 1000y-men mile-men 2-miles-men 3-miles-men 60yh-men,"sprints/hurdles: heats, semis, final; 440-1000y: heats, final; mile+: final",https://en.wikipedia.org/wiki/NCAA_Division_I_Men%27s_Indoor_Track_and_Field_Championships
ncaa-division-i-indoor,1983,1999,55m-men 200m-men 400m-men 800m-men mile-men 3000m-men 5000m-men 55mh-men 55m-women 200m-women 400m-women 800m-women mile-women 3000m-women 5000m-women 55mh-women,"55m-400m: heats, semis/final; 800m: heats, final; mile: heats, final; 3000/5000: final",https://en.wikipedia.org/wiki/NCAA_Division_I_Men%27s_Indoor_Track_and_Field_Championships
ncaa-division-i-indoor,2000,2026,60m-men 200m-men 400m-men 800m-men mile-men 3000m-men 5000m-men 60mh-men 60m-women 200m-women 400m-women 800m-women mile-women 3000m-women 5000m-women 60mh-women,"60m/60mH: heats, final (semis in some years); 200/400/800/mile: heats, final; 3000/5000: final",https://en.wikipedia.org/wiki/NCAA_Division_I_Men%27s_Indoor_Track_and_Field_Championships
jamaican-championships,1983,2026,100m-men 200m-men 400m-men 800m-men 1500m-men 5000m-men 3000msc-men 110mh-men 400mh-men 100m-women 200m-women 400m-women 800m-women 1500m-women 5000m-women 100mh-women 400mh-women,"100m-400m and hurdles: heats, semis, final; 800m: heats, final; 1500m+: final only",https://www.gbrathletics.com/nc/jam.htm
aaa-championships,1880,1901,100y-men 440y-men 880y-men mile-men 120yh-men,"sprints/hurdles: heats, final; 440y+: final (or heats)",https://en.wikipedia.org/wiki/AAA_Championships
aaa-championships,1902,1913,100y-men 220y-men 440y-men 880y-men mile-men 120yh-men,"100y-220y: heats, semi-final, final; 440y-880y: heats, final; mile+: final",https://en.wikipedia.org/wiki/AAA_Championships
aaa-championships,1914,1931,100y-men 220y-men 440y-men 880y-men mile-men 120yh-men 440yh-men,"100y-440y: heats, semis, final; 880y: heats, final; mile+: final",https://en.wikipedia.org/wiki/AAA_Championships
aaa-championships,1932,1951,100y-men 220y-men 440y-men 880y-men mile-men 3-miles-men 6-miles-men 120yh-men 440yh-men,"100y-440y: heats, semis, final; 880y/mile: heats, final; 3 miles+: final",https://en.wikipedia.org/wiki/AAA_Championships
aaa-championships,1952,1962,100y-men 220y-men 440y-men 880y-men mile-men 3-miles-men 6-miles-men 120yh-men 220yh-men 440yh-men,"100y-440y: heats, semis, final; 880y/mile: heats, final; 3 miles+: final",https://en.wikipedia.org/wiki/AAA_Championships
aaa-championships,1963,1968,100y-men 220y-men 440y-men 880y-men mile-men 3-miles-men 6-miles-men 120yh-men 440yh-men,"100y-440y: heats, semis, final; 880y/mile: heats, final; 3 miles+: final",https://en.wikipedia.org/wiki/AAA_Championships
aaa-championships,1969,1987,100m-men 200m-men 400m-men 800m-men 1500m-men 5000m-men 10000m-men 110mh-men 400mh-men 3000msc-men,"100m-400m: heats, semis, final; 800m/1500m: heats, final; 5000m+: final",https://en.wikipedia.org/wiki/AAA_Championships
aaa-championships,1988,2006,100m-men 200m-men 400m-men 800m-men 1500m-men 3000m-men 5000m-men 10000m-men 110mh-men 400mh-men 3000msc-men 100m-women 200m-women 400m-women 800m-women 1500m-women 3000m-women 5000m-women 10000m-women 100mh-women 400mh-women 2000msc-women,"100m-400m: heats, semis, final; 800m/1500m: heats, final; 3000m+: final",https://en.wikipedia.org/wiki/AAA_Championships
gdr-championships,1948,1968,100m-men 200m-men 400m-men 800m-men 1500m-men 5000m-men 10000m-men 110mh-men 400mh-men 3000msc-men 100m-women 200m-women 400m-women 800m-women 80mh-women,"100m-400m, hurdles: heats, (semis), final; 800m/1500m: heats, final; 5000m+: final only",https://de.wikipedia.org/wiki/Deutsche_Leichtathletik-Meisterschaften#DDR-Meisterschaften
gdr-championships,1969,1990,100m-men 200m-men 400m-men 800m-men 1500m-men 5000m-men 10000m-men 110mh-men 400mh-men 3000msc-men 100m-women 200m-women 400m-women 800m-women 1500m-women 3000m-women 10000m-women 100mh-women 400mh-women,"100m-400m, hurdles: heats, semis, final; 800m/1500m: heats, final; 3000m+: final only",https://de.wikipedia.org/wiki/Deutsche_Leichtathletik-Meisterschaften#DDR-Meisterschaften
gdr-indoor-championships,1964,1990,60m-men 400m-men 800m-men 1500m-men 3000m-men 60mh-men 60m-women 400m-women 800m-women 1500m-women 60mh-women,"60m/60mh: heats, semis, final; 400m: heats, final; 800m+: final or heats+final",https://de.wikipedia.org/wiki/Deutsche_Leichtathletik-Hallenmeisterschaften#DDR-Hallenmeisterschaften
ussr-championships,1936,1968,100m-men 200m-men 400m-men 800m-men 1500m-men 5000m-men 10000m-men 110mh-men 400mh-men 3000msc-men 100m-women 200m-women 400m-women 800m-women 80mh-women,"100m-400m and hurdles: heats, semis, final; 800m/1500m: heats, final; 5000m+: final only",http://www.gbrathletics.com/nc/urs.htm
ussr-championships,1969,1991,100m-men 200m-men 400m-men 800m-men 1500m-men 5000m-men 10000m-men 110mh-men 400mh-men 3000msc-men 100m-women 200m-women 400m-women 800m-women 1500m-women 3000m-women 10000m-women 100mh-women 400mh-women,"100m-400m and hurdles: heats, semis, final; 800m/1500m: heats, final; 3000m+: final only",http://www.gbrathletics.com/nc/urs.htm
ussr-indoor-championships,1971,1991,60m-men 400m-men 800m-men 1500m-men 3000m-men 60mh-men 60m-women 200m-women 400m-women 800m-women 1500m-women 60mh-women,"60m/60mh: heats, semis, final; 200m-400m: heats, final; 800m+: heats or final only",http://www.gbrathletics.com/nc/ursi.htm
russian-championships,1992,2026,100m-men 200m-men 400m-men 800m-men 1500m-men 5000m-men 10000m-men 3000msc-men 110mh-men 400mh-men 100m-women 200m-women 400m-women 800m-women 1500m-women 5000m-women 10000m-women 3000msc-women 100mh-women 400mh-women,"100m-400m and hurdles: heats, semis (sprints), final; 800m-1500m: heats, final; 5000m+: final only",https://ru.wikipedia.org/wiki/Чемпионат_России_по_лёгкой_атлетике
russian-indoor-championships,1992,2026,60m-men 200m-men 400m-men 800m-men 1500m-men 3000m-men 60mh-men 60m-women 200m-women 400m-women 800m-women 1500m-women 3000m-women 60mh-women,"60m/60mh: heats, semis, final; 200m/400m/800m: heats, final; 1500m+: final only",https://en.wikipedia.org/wiki/Russian_Indoor_Athletics_Championships
chinese-national-games,1959,2025,100m-men 200m-men 400m-men 800m-men 1500m-men 5000m-men 10000m-men 110mh-men 400mh-men 3000msc-men 100m-women 200m-women 400m-women 800m-women 1500m-women 5000m-women 10000m-women 100mh-women 400mh-women 3000msc-women,"100m-400m/hurdles: heats, semis, final; 800m-1500m: heats, final; 5000m+: final","assumed Olympic-mirroring programme; women's events entered per Olympic era (80mh before 1969, 3000m 1983-1993, 5000m/steeple later)"
iaaf-grand-prix,2001,2001,200m-men 800m-men 1000m-men 1500m-men mile-men 2000m-men 3000m-men 5000m-men 10000m-men 3000msc-men 110mh-men 200m-women 800m-women 1000m-women 1500m-women 3000m-women 5000m-women 400mh-women,"GP-scoring events (odd-year group; 1000m/mile scored as 1500m, 2000m/5000m/10000m as 3000m): one race each; sprints/hurdles sometimes 2 races or heats+final",https://web.archive.org/web/20120816075427/http://www2.iaaf.org/gp01/index.html
iaaf-grand-prix,2002,2002,100m-men 400m-men 1500m-men mile-men 3000m-men 5000m-men 400mh-men 100m-women 400m-women 1500m-women 3000m-women 5000m-women 100mh-women,"GP-scoring events (even-year group; mile scored as 1500m, 5000m as 3000m): one race each; 100m sometimes 2-3 races or heats+final",https://web.archive.org/web/20071112005235/http://www.iaaf.org/GP02/results/index.html
